query_customer_idx,similar_customer_idx,rank,similarity_score,query_top_garment_groups,similar_top_garment_groups,common_garment_groups,query_top_sections,similar_top_sections,common_sections
20300,1268154,1,0.6826266646385193,Blouses | Jersey Fancy | Trousers | Dresses Ladies | Jersey Basic,Unknown,,Womens Everyday Collection | Womens Trend | Divided Collection | Womens Casual | Womens Jackets,Womens Everyday Collection,Womens Everyday Collection
20300,1098634,2,0.6679538488388062,Blouses | Jersey Fancy | Trousers | Dresses Ladies | Jersey Basic,Trousers,Trousers,Womens Everyday Collection | Womens Trend | Divided Collection | Womens Casual | Womens Jackets,Womens Trend,Womens Trend
20300,1116034,3,0.6605885028839111,Blouses | Jersey Fancy | Trousers | Dresses Ladies | Jersey Basic,Jersey Basic | Trousers | Blouses | Outdoor | Trousers Denim,Blouses | Trousers | Jersey Basic,Womens Everyday Collection | Womens Trend | Divided Collection | Womens Casual | Womens Jackets,Womens Everyday Basics | Womens Trend | Divided Collection | Ladies Denim | Womens Jackets,Womens Trend | Divided Collection | Womens Jackets
20300,807928,4,0.6589459180831909,Blouses | Jersey Fancy | Trousers | Dresses Ladies | Jersey Basic,Trousers,Trousers,Womens Everyday Collection | Womens Trend | Divided Collection | Womens Casual | Womens Jackets,Womens Trend,Womens Trend
20300,1364275,5,0.6589459180831909,Blouses | Jersey Fancy | Trousers | Dresses Ladies | Jersey Basic,Trousers,Trousers,Womens Everyday Collection | Womens Trend | Divided Collection | Womens Casual | Womens Jackets,Womens Trend,Womens Trend
20300,1007868,6,0.6483771204948425,Blouses | Jersey Fancy | Trousers | Dresses Ladies | Jersey Basic,Trousers,Trousers,Womens Everyday Collection | Womens Trend | Divided Collection | Womens Casual | Womens Jackets,Womens Trend,Womens Trend
20300,1289808,7,0.6483770608901978,Blouses | Jersey Fancy | Trousers | Dresses Ladies | Jersey Basic,Trousers,Trousers,Womens Everyday Collection | Womens Trend | Divided Collection | Womens Casual | Womens Jackets,Womens Trend,Womens Trend
20300,631693,8,0.6450759172439575,Blouses | Jersey Fancy | Trousers | Dresses Ladies | Jersey Basic,Trousers | Blouses | Unknown | Jersey Fancy | Knitwear,Blouses | Jersey Fancy | Trousers,Womens Everyday Collection | Womens Trend | Divided Collection | Womens Casual | Womens Jackets,Womens Trend | Womens Everyday Collection | Womens Jackets | Womens Casual | Special Collections,Womens Everyday Collection | Womens Trend | Womens Casual | Womens Jackets
20300,425674,9,0.6398636698722839,Blouses | Jersey Fancy | Trousers | Dresses Ladies | Jersey Basic,"Under-, Nightwear | Shoes | Trousers | Unknown",Trousers,Womens Everyday Collection | Womens Trend | Divided Collection | Womens Casual | Womens Jackets,"Womens Nightwear, Socks & Tigh | Womens Shoes | Womens Lingerie | Womens Trend | Womens Everyday Collection",Womens Everyday Collection | Womens Trend
20300,189845,10,0.6314122080802917,Blouses | Jersey Fancy | Trousers | Dresses Ladies | Jersey Basic,Trousers | Unknown | Trousers Denim,Trousers,Womens Everyday Collection | Womens Trend | Divided Collection | Womens Casual | Womens Jackets,Womens Everyday Collection | Collaborations | Ladies Denim,Womens Everyday Collection
36424,835824,1,0.6289335489273071,Trousers | Jersey Fancy | Dresses Ladies | Jersey Basic | Knitwear,"Jersey Fancy | Jersey Basic | Dresses Ladies | Under-, Nightwear | Knitwear",Jersey Fancy | Dresses Ladies | Jersey Basic | Knitwear,"Womens Everyday Collection | Divided Collection | Womens Tailoring | Womens Nightwear, Socks & Tigh | Womens Everyday Basics","Womens Everyday Collection | Divided Collection | Womens Nightwear, Socks & Tigh | Womens Everyday Basics | Womens Tailoring","Womens Everyday Collection | Divided Collection | Womens Tailoring | Womens Nightwear, Socks & Tigh | Womens Everyday Basics"
36424,995059,2,0.6141329407691956,Trousers | Jersey Fancy | Dresses Ladies | Jersey Basic | Knitwear,Jersey Fancy | Outdoor | Accessories | Knitwear | Trousers,Trousers | Jersey Fancy | Knitwear,"Womens Everyday Collection | Divided Collection | Womens Tailoring | Womens Nightwear, Socks & Tigh | Womens Everyday Basics",Divided Collection | Womens Everyday Collection | Divided Selected | Womens Jackets | Divided Projects,Womens Everyday Collection | Divided Collection
36424,985629,3,0.594382107257843,Trousers | Jersey Fancy | Dresses Ladies | Jersey Basic | Knitwear,Accessories,,"Womens Everyday Collection | Divided Collection | Womens Tailoring | Womens Nightwear, Socks & Tigh | Womens Everyday Basics",Womens Big accessories | Divided Accessories,
36424,341236,4,0.5845848321914673,Trousers | Jersey Fancy | Dresses Ladies | Jersey Basic | Knitwear,Dresses Ladies | Outdoor | Jersey Fancy | Knitwear | Socks and Tights,Jersey Fancy | Dresses Ladies | Knitwear,"Womens Everyday Collection | Divided Collection | Womens Tailoring | Womens Nightwear, Socks & Tigh | Womens Everyday Basics","Womens Everyday Collection | Womens Nightwear, Socks & Tigh | Womens Jackets | Womens Casual | Womens Tailoring","Womens Everyday Collection | Womens Tailoring | Womens Nightwear, Socks & Tigh"
36424,685370,5,0.578495442867279,Trousers | Jersey Fancy | Dresses Ladies | Jersey Basic | Knitwear,Jersey Fancy | Dresses Ladies | Trousers | Shoes | Outdoor,Trousers | Jersey Fancy | Dresses Ladies,"Womens Everyday Collection | Divided Collection | Womens Tailoring | Womens Nightwear, Socks & Tigh | Womens Everyday Basics",Divided Collection | Womens Everyday Collection | Womens Shoes | Divided Selected | Womens Jackets,Womens Everyday Collection | Divided Collection
36424,1140279,6,0.5779574513435364,Trousers | Jersey Fancy | Dresses Ladies | Jersey Basic | Knitwear,"Dresses Ladies | Trousers | Jersey Fancy | Under-, Nightwear | Accessories",Trousers | Jersey Fancy | Dresses Ladies,"Womens Everyday Collection | Divided Collection | Womens Tailoring | Womens Nightwear, Socks & Tigh | Womens Everyday Basics",Divided Collection | Womens Everyday Collection | Womens Lingerie | Divided Basics | Divided Selected,Womens Everyday Collection | Divided Collection
36424,236273,7,0.5725599527359009,Trousers | Jersey Fancy | Dresses Ladies | Jersey Basic | Knitwear,Accessories | Shoes | Jersey Fancy | Dresses Ladies | Unknown,Jersey Fancy | Dresses Ladies,"Womens Everyday Collection | Divided Collection | Womens Tailoring | Womens Nightwear, Socks & Tigh | Womens Everyday Basics",Womens Everyday Collection | Divided Collection | Womens Shoes | Womens Big accessories | Divided Selected,Womens Everyday Collection | Divided Collection
36424,932381,8,0.5673595070838928,Trousers | Jersey Fancy | Dresses Ladies | Jersey Basic | Knitwear,"Under-, Nightwear | Knitwear | Shoes | Skirts | Jersey Fancy",Jersey Fancy | Knitwear,"Womens Everyday Collection | Divided Collection | Womens Tailoring | Womens Nightwear, Socks & Tigh | Womens Everyday Basics",Womens Tailoring | Womens Everyday Collection | Divided Collection | Womens Shoes | Womens Lingerie,Womens Everyday Collection | Divided Collection | Womens Tailoring
36424,1158829,9,0.5641409158706665,Trousers | Jersey Fancy | Dresses Ladies | Jersey Basic | Knitwear,Accessories,,"Womens Everyday Collection | Divided Collection | Womens Tailoring | Womens Nightwear, Socks & Tigh | Womens Everyday Basics",Divided Accessories,
36424,1313379,10,0.5633853673934937,Trousers | Jersey Fancy | Dresses Ladies | Jersey Basic | Knitwear,Jersey Fancy | Knitwear | Shoes | Dresses Ladies | Accessories,Jersey Fancy | Dresses Ladies | Knitwear,"Womens Everyday Collection | Divided Collection | Womens Tailoring | Womens Nightwear, Socks & Tigh | Womens Everyday Basics",Womens Everyday Collection | Divided Collection | Womens Trend | Womens Shoes | Divided Projects,Womens Everyday Collection | Divided Collection
63928,683982,1,0.5953843593597412,"Jersey Fancy | Blouses | Trousers | Under-, Nightwear | Dresses Ladies","Under-, Nightwear | Jersey Fancy | Swimwear | Trousers Denim | Dresses Ladies","Jersey Fancy | Under-, Nightwear | Dresses Ladies",Womens Everyday Collection | Womens Tailoring | Womens Lingerie | Ladies H&M Sport | Ladies Denim,"Womens Lingerie | Ladies H&M Sport | Womens Swimwear, beachwear | Ladies Denim | Womens Everyday Collection",Womens Everyday Collection | Womens Lingerie | Ladies H&M Sport | Ladies Denim
63928,28625,2,0.5947063565254211,"Jersey Fancy | Blouses | Trousers | Under-, Nightwear | Dresses Ladies","Jersey Fancy | Under-, Nightwear | Blouses | Trousers | Swimwear","Jersey Fancy | Blouses | Trousers | Under-, Nightwear",Womens Everyday Collection | Womens Tailoring | Womens Lingerie | Ladies H&M Sport | Ladies Denim,Womens Lingerie | Womens Everyday Collection | Ladies H&M Sport | Womens Tailoring | Divided Collection,Womens Everyday Collection | Womens Tailoring | Womens Lingerie | Ladies H&M Sport
63928,1090434,3,0.5855926871299744,"Jersey Fancy | Blouses | Trousers | Under-, Nightwear | Dresses Ladies","Jersey Fancy | Blouses | Under-, Nightwear | Accessories | Shoes","Jersey Fancy | Blouses | Under-, Nightwear",Womens Everyday Collection | Womens Tailoring | Womens Lingerie | Ladies H&M Sport | Ladies Denim,Womens Everyday Collection | Womens Tailoring | Ladies H&M Sport | Womens Lingerie | Womens Casual,Womens Everyday Collection | Womens Tailoring | Womens Lingerie | Ladies H&M Sport
63928,333364,4,0.5704272389411926,"Jersey Fancy | Blouses | Trousers | Under-, Nightwear | Dresses Ladies","Under-, Nightwear | Jersey Fancy | Trousers Denim | Blouses | Swimwear","Jersey Fancy | Blouses | Under-, Nightwear",Womens Everyday Collection | Womens Tailoring | Womens Lingerie | Ladies H&M Sport | Ladies Denim,Womens Lingerie | Womens Everyday Collection | Ladies Denim | Womens Tailoring | Womens Casual,Womens Everyday Collection | Womens Tailoring | Womens Lingerie | Ladies Denim
63928,6500,5,0.5639941692352295,"Jersey Fancy | Blouses | Trousers | Under-, Nightwear | Dresses Ladies","Under-, Nightwear | Trousers | Jersey Fancy | Blouses | Knitwear","Jersey Fancy | Blouses | Trousers | Under-, Nightwear",Womens Everyday Collection | Womens Tailoring | Womens Lingerie | Ladies H&M Sport | Ladies Denim,Womens Lingerie | Womens Tailoring | Womens Everyday Collection | Divided Selected | Womens Casual,Womens Everyday Collection | Womens Tailoring | Womens Lingerie
63928,1308055,6,0.5591262578964233,"Jersey Fancy | Blouses | Trousers | Under-, Nightwear | Dresses Ladies","Jersey Basic | Jersey Fancy | Under-, Nightwear | Knitwear | Dresses Ladies","Jersey Fancy | Under-, Nightwear | Dresses Ladies",Womens Everyday Collection | Womens Tailoring | Womens Lingerie | Ladies H&M Sport | Ladies Denim,Womens Everyday Collection | Womens Everyday Basics | Womens Tailoring | Divided Collection | Womens Lingerie,Womens Everyday Collection | Womens Tailoring | Womens Lingerie
63928,302126,7,0.5590485334396362,"Jersey Fancy | Blouses | Trousers | Under-, Nightwear | Dresses Ladies",Knitwear | Blouses | Jersey Fancy | Dresses Ladies | Trousers,Jersey Fancy | Blouses | Trousers | Dresses Ladies,Womens Everyday Collection | Womens Tailoring | Womens Lingerie | Ladies H&M Sport | Ladies Denim,Womens Everyday Collection | Divided Collection | Womens Tailoring | Womens Casual | Womens Lingerie,Womens Everyday Collection | Womens Tailoring | Womens Lingerie
63928,1273535,8,0.5503466725349426,"Jersey Fancy | Blouses | Trousers | Under-, Nightwear | Dresses Ladies","Jersey Fancy | Dresses Ladies | Knitwear | Under-, Nightwear | Jersey Basic","Jersey Fancy | Under-, Nightwear | Dresses Ladies",Womens Everyday Collection | Womens Tailoring | Womens Lingerie | Ladies H&M Sport | Ladies Denim,Ladies H&M Sport | Womens Everyday Collection | Womens Tailoring | Womens Casual | Womens Lingerie,Womens Everyday Collection | Womens Tailoring | Womens Lingerie | Ladies H&M Sport
63928,463697,9,0.548926055431366,"Jersey Fancy | Blouses | Trousers | Under-, Nightwear | Dresses Ladies",Blouses | Dresses Ladies | Trousers | Jersey Fancy | Jersey Basic,Jersey Fancy | Blouses | Trousers | Dresses Ladies,Womens Everyday Collection | Womens Tailoring | Womens Lingerie | Ladies H&M Sport | Ladies Denim,Womens Everyday Collection | Womens Tailoring | Divided Collection | Ladies Denim | Womens Casual,Womens Everyday Collection | Womens Tailoring | Ladies Denim
63928,766985,10,0.5478146076202393,"Jersey Fancy | Blouses | Trousers | Under-, Nightwear | Dresses Ladies","Under-, Nightwear | Jersey Fancy | Blouses | Dresses Ladies | Swimwear","Jersey Fancy | Blouses | Under-, Nightwear | Dresses Ladies",Womens Everyday Collection | Womens Tailoring | Womens Lingerie | Ladies H&M Sport | Ladies Denim,"Womens Lingerie | Womens Tailoring | Womens Everyday Collection | Womens Swimwear, beachwear | Ladies H&M Sport",Womens Everyday Collection | Womens Tailoring | Womens Lingerie | Ladies H&M Sport
160654,72166,1,0.6517993211746216,"Knitwear | Jersey Fancy | Trousers | Skirts | Under-, Nightwear",Jersey Fancy | Accessories | Knitwear | Socks and Tights | Dresses Ladies,Knitwear | Jersey Fancy,Womens Everyday Collection | Womens Tailoring | Divided Collection | Womens Lingerie | Womens Trend,"Womens Everyday Collection | Womens Tailoring | Womens Nightwear, Socks & Tigh | Womens Big accessories | Baby Essentials & Complements",Womens Everyday Collection | Womens Tailoring
160654,402642,2,0.6008620262145996,"Knitwear | Jersey Fancy | Trousers | Skirts | Under-, Nightwear",Dresses Ladies | Knitwear | Skirts | Blouses | Jersey Fancy,Knitwear | Jersey Fancy | Skirts,Womens Everyday Collection | Womens Tailoring | Divided Collection | Womens Lingerie | Womens Trend,Womens Everyday Collection | Womens Tailoring | Divided Collection | Divided Projects | Womens Premium,Womens Everyday Collection | Womens Tailoring | Divided Collection
160654,978743,3,0.5993641018867493,"Knitwear | Jersey Fancy | Trousers | Skirts | Under-, Nightwear",Jersey Fancy | Accessories | Trousers | Dresses Ladies | Blouses,Jersey Fancy | Trousers,Womens Everyday Collection | Womens Tailoring | Divided Collection | Womens Lingerie | Womens Trend,Womens Everyday Collection | Divided Collection | Womens Tailoring | Womens Small accessories | Womens Big accessories,Womens Everyday Collection | Womens Tailoring | Divided Collection
160654,323143,4,0.5988909006118774,"Knitwear | Jersey Fancy | Trousers | Skirts | Under-, Nightwear","Knitwear | Under-, Nightwear | Jersey Fancy | Blouses | Accessories","Knitwear | Jersey Fancy | Under-, Nightwear",Womens Everyday Collection | Womens Tailoring | Divided Collection | Womens Lingerie | Womens Trend,Womens Tailoring | Womens Lingerie | Womens Everyday Collection | Divided Collection | Womens Casual,Womens Everyday Collection | Womens Tailoring | Divided Collection | Womens Lingerie
160654,1360700,5,0.5962177515029907,"Knitwear | Jersey Fancy | Trousers | Skirts | Under-, Nightwear",Jersey Fancy | Knitwear | Blouses | Accessories | Dresses Ladies,Knitwear | Jersey Fancy,Womens Everyday Collection | Womens Tailoring | Divided Collection | Womens Lingerie | Womens Trend,Womens Everyday Collection | Divided Collection | Womens Tailoring | Womens Big accessories | Contemporary Smart,Womens Everyday Collection | Womens Tailoring | Divided Collection
160654,554436,6,0.5961004495620728,"Knitwear | Jersey Fancy | Trousers | Skirts | Under-, Nightwear","Socks and Tights | Under-, Nightwear | Accessories | Knitwear | Jersey Fancy","Knitwear | Jersey Fancy | Under-, Nightwear",Womens Everyday Collection | Womens Tailoring | Divided Collection | Womens Lingerie | Womens Trend,"Womens Nightwear, Socks & Tigh | Womens Lingerie | Womens Everyday Collection | Womens Tailoring | Womens Small accessories",Womens Everyday Collection | Womens Tailoring | Womens Lingerie
160654,839949,7,0.5868248343467712,"Knitwear | Jersey Fancy | Trousers | Skirts | Under-, Nightwear",Skirts | Knitwear | Blouses | Trousers | Jersey Fancy,Knitwear | Jersey Fancy | Trousers | Skirts,Womens Everyday Collection | Womens Tailoring | Divided Collection | Womens Lingerie | Womens Trend,Womens Everyday Collection | Womens Tailoring | Baby Girl | Kids & Baby Shoes | Baby Essentials & Complements,Womens Everyday Collection | Womens Tailoring
160654,1190520,8,0.5865812301635742,"Knitwear | Jersey Fancy | Trousers | Skirts | Under-, Nightwear","Knitwear | Accessories | Under-, Nightwear | Socks and Tights | Blouses","Knitwear | Under-, Nightwear",Womens Everyday Collection | Womens Tailoring | Divided Collection | Womens Lingerie | Womens Trend,"Womens Everyday Collection | Womens Tailoring | Womens Lingerie | Womens Nightwear, Socks & Tigh | Womens Big accessories",Womens Everyday Collection | Womens Tailoring | Womens Lingerie
160654,66907,9,0.5835866928100586,"Knitwear | Jersey Fancy | Trousers | Skirts | Under-, Nightwear",Knitwear,Knitwear,Womens Everyday Collection | Womens Tailoring | Divided Collection | Womens Lingerie | Womens Trend,Womens Tailoring,Womens Tailoring
160654,1093171,10,0.5835866332054138,"Knitwear | Jersey Fancy | Trousers | Skirts | Under-, Nightwear",Knitwear,Knitwear,Womens Everyday Collection | Womens Tailoring | Divided Collection | Womens Lingerie | Womens Trend,Womens Tailoring,Womens Tailoring
261666,1236953,1,0.653657078742981,"Jersey Fancy | Trousers | Knitwear | Under-, Nightwear | Jersey Basic",Jersey Fancy | Trousers | Trousers Denim | Jersey Basic | Knitwear,Jersey Fancy | Trousers | Knitwear | Jersey Basic,Womens Everyday Collection | Womens Tailoring | Womens Lingerie | Divided Collection | Ladies Denim,Womens Everyday Collection | Womens Casual | Ladies Denim | Womens Everyday Basics | Womens Tailoring,Womens Everyday Collection | Womens Tailoring | Ladies Denim
261666,1201798,2,0.630720317363739,"Jersey Fancy | Trousers | Knitwear | Under-, Nightwear | Jersey Basic","Trousers | Jersey Fancy | Knitwear | Under-, Nightwear | Blouses","Jersey Fancy | Trousers | Knitwear | Under-, Nightwear",Womens Everyday Collection | Womens Tailoring | Womens Lingerie | Divided Collection | Ladies Denim,Womens Everyday Collection | Womens Tailoring | Womens Casual | Ladies Denim | Womens Lingerie,Womens Everyday Collection | Womens Tailoring | Womens Lingerie | Ladies Denim
261666,680471,3,0.6129844784736633,"Jersey Fancy | Trousers | Knitwear | Under-, Nightwear | Jersey Basic",Knitwear | Jersey Fancy | Jersey Basic | Accessories | Trousers Denim,Jersey Fancy | Knitwear | Jersey Basic,Womens Everyday Collection | Womens Tailoring | Womens Lingerie | Divided Collection | Ladies Denim,Womens Everyday Collection | Womens Casual | Divided Collection | Womens Everyday Basics | Ladies Denim,Womens Everyday Collection | Divided Collection | Ladies Denim
261666,79646,4,0.6092525124549866,"Jersey Fancy | Trousers | Knitwear | Under-, Nightwear | Jersey Basic","Jersey Fancy | Blouses | Under-, Nightwear | Trousers Denim | Knitwear","Jersey Fancy | Knitwear | Under-, Nightwear",Womens Everyday Collection | Womens Tailoring | Womens Lingerie | Divided Collection | Ladies Denim,Womens Everyday Collection | Womens Casual | Ladies Denim | Womens Lingerie | Divided Collection,Womens Everyday Collection | Womens Lingerie | Divided Collection | Ladies Denim
261666,457656,5,0.5792267918586731,"Jersey Fancy | Trousers | Knitwear | Under-, Nightwear | Jersey Basic",Trousers | Jersey Fancy | Skirts | Shoes | Dressed,Jersey Fancy | Trousers,Womens Everyday Collection | Womens Tailoring | Womens Lingerie | Divided Collection | Ladies Denim,Womens Everyday Collection | Womens Casual | Womens Shoes | Ladies H&M Sport | Womens Jackets,Womens Everyday Collection
261666,1217771,6,0.5728803873062134,"Jersey Fancy | Trousers | Knitwear | Under-, Nightwear | Jersey Basic",Jersey Fancy | Trousers | Jersey Basic | Knitwear | Dresses Ladies,Jersey Fancy | Trousers | Knitwear | Jersey Basic,Womens Everyday Collection | Womens Tailoring | Womens Lingerie | Divided Collection | Ladies Denim,Womens Everyday Collection | Ladies H&M Sport | Womens Casual | Womens Tailoring | Womens Everyday Basics,Womens Everyday Collection | Womens Tailoring
261666,853522,7,0.5676153302192688,"Jersey Fancy | Trousers | Knitwear | Under-, Nightwear | Jersey Basic","Under-, Nightwear","Under-, Nightwear",Womens Everyday Collection | Womens Tailoring | Womens Lingerie | Divided Collection | Ladies Denim,"Womens Nightwear, Socks & Tigh",
261666,182641,8,0.5630922913551331,"Jersey Fancy | Trousers | Knitwear | Under-, Nightwear | Jersey Basic","Accessories | Under-, Nightwear","Under-, Nightwear",Womens Everyday Collection | Womens Tailoring | Womens Lingerie | Divided Collection | Ladies Denim,"Womens Small accessories | Womens Nightwear, Socks & Tigh",
261666,1271895,9,0.560197114944458,"Jersey Fancy | Trousers | Knitwear | Under-, Nightwear | Jersey Basic",Jersey Fancy | Knitwear,Jersey Fancy | Knitwear,Womens Everyday Collection | Womens Tailoring | Womens Lingerie | Divided Collection | Ladies Denim,Ladies H&M Sport | Womens Casual | Womens Everyday Collection,Womens Everyday Collection
261666,52831,10,0.5567764043807983,"Jersey Fancy | Trousers | Knitwear | Under-, Nightwear | Jersey Basic",Shoes,,Womens Everyday Collection | Womens Tailoring | Womens Lingerie | Divided Collection | Ladies Denim,Womens Shoes,
281710,1116916,1,0.7522467374801636,Jersey Fancy | Dresses Ladies | Blouses | Shoes | Trousers,Jersey Fancy | Blouses | Dresses Ladies | Accessories | Trousers,Jersey Fancy | Dresses Ladies | Blouses | Trousers,Divided Collection | Womens Everyday Collection | Divided Selected | Womens Shoes | Kids & Baby Shoes,Divided Collection | Womens Everyday Collection | Womens Tailoring | Womens Casual | Divided Selected,Divided Collection | Womens Everyday Collection | Divided Selected
281710,531107,2,0.7263946533203125,Jersey Fancy | Dresses Ladies | Blouses | Shoes | Trousers,Jersey Fancy | Dresses Ladies | Shoes | Blouses | Trousers,Jersey Fancy | Dresses Ladies | Blouses | Shoes | Trousers,Divided Collection | Womens Everyday Collection | Divided Selected | Womens Shoes | Kids & Baby Shoes,Womens Everyday Collection | Divided Collection | Womens Shoes | Womens Big accessories | Young Girl,Divided Collection | Womens Everyday Collection | Womens Shoes
281710,1281724,3,0.6851086616516113,Jersey Fancy | Dresses Ladies | Blouses | Shoes | Trousers,Dresses Ladies | Jersey Fancy | Blouses | Outdoor | Shoes,Jersey Fancy | Dresses Ladies | Blouses | Shoes,Divided Collection | Womens Everyday Collection | Divided Selected | Womens Shoes | Kids & Baby Shoes,Divided Collection | Womens Everyday Collection | Contemporary Street | Divided Projects | Divided Selected,Divided Collection | Womens Everyday Collection | Divided Selected
281710,437123,4,0.6734908819198608,Jersey Fancy | Dresses Ladies | Blouses | Shoes | Trousers,"Jersey Fancy | Jersey Basic | Under-, Nightwear | Dresses Ladies | Shoes",Jersey Fancy | Dresses Ladies | Shoes,Divided Collection | Womens Everyday Collection | Divided Selected | Womens Shoes | Kids & Baby Shoes,Young Girl | Womens Everyday Collection | Divided Collection | Womens Everyday Basics | Divided Basics,Divided Collection | Womens Everyday Collection
281710,112918,5,0.6719685792922974,Jersey Fancy | Dresses Ladies | Blouses | Shoes | Trousers,Jersey Fancy | Dresses Ladies | Blouses | Knitwear | Outdoor,Jersey Fancy | Dresses Ladies | Blouses,Divided Collection | Womens Everyday Collection | Divided Selected | Womens Shoes | Kids & Baby Shoes,Womens Everyday Collection | Divided Collection | Womens Casual | Divided Selected | Divided Basics,Divided Collection | Womens Everyday Collection | Divided Selected
281710,350375,6,0.6652026176452637,Jersey Fancy | Dresses Ladies | Blouses | Shoes | Trousers,Jersey Fancy | Jersey Basic | Dresses Ladies | Blouses | Knitwear,Jersey Fancy | Dresses Ladies | Blouses,Divided Collection | Womens Everyday Collection | Divided Selected | Womens Shoes | Kids & Baby Shoes,Divided Collection | Womens Everyday Collection | Divided Basics | Divided Selected | Womens Casual,Divided Collection | Womens Everyday Collection | Divided Selected
281710,1098991,7,0.6638249754905701,Jersey Fancy | Dresses Ladies | Blouses | Shoes | Trousers,Dresses Ladies | Blouses | Jersey Fancy | Shoes | Trousers,Jersey Fancy | Dresses Ladies | Blouses | Shoes | Trousers,Divided Collection | Womens Everyday Collection | Divided Selected | Womens Shoes | Kids & Baby Shoes,Womens Everyday Collection | Divided Collection | Divided Projects | Womens Shoes | Womens Premium,Divided Collection | Womens Everyday Collection | Womens Shoes
281710,982872,8,0.659773051738739,Jersey Fancy | Dresses Ladies | Blouses | Shoes | Trousers,Jersey Fancy | Shoes | Blouses | Knitwear | Trousers,Jersey Fancy | Blouses | Shoes | Trousers,Divided Collection | Womens Everyday Collection | Divided Selected | Womens Shoes | Kids & Baby Shoes,Divided Collection | Womens Everyday Collection | Womens Shoes | Young Boy | Divided Accessories,Divided Collection | Womens Everyday Collection | Womens Shoes
281710,27963,9,0.6597678661346436,Jersey Fancy | Dresses Ladies | Blouses | Shoes | Trousers,"Accessories | Shoes | Dresses Ladies | Blouses | Under-, Nightwear",Dresses Ladies | Blouses | Shoes,Divided Collection | Womens Everyday Collection | Divided Selected | Womens Shoes | Kids & Baby Shoes,Womens Everyday Collection | Divided Collection | Womens Small accessories | Divided Accessories | Womens Big accessories,Divided Collection | Womens Everyday Collection
281710,1340330,10,0.6562649011611938,Jersey Fancy | Dresses Ladies | Blouses | Shoes | Trousers,Dresses Ladies | Knitwear | Shoes | Jersey Basic | Blouses,Dresses Ladies | Blouses | Shoes,Divided Collection | Womens Everyday Collection | Divided Selected | Womens Shoes | Kids & Baby Shoes,Womens Everyday Collection | Divided Collection | Womens Shoes | Womens Everyday Basics | Womens Casual,Divided Collection | Womens Everyday Collection | Womens Shoes
394603,1198968,1,0.6638822555541992,Trousers | Jersey Fancy | Dresses Ladies | Jersey Basic | Blouses,Jersey Fancy | Special Offers,Jersey Fancy,"Divided Collection | Womens Everyday Collection | Divided Projects | Divided Basics | Womens Nightwear, Socks & Tigh",Divided Collection | Divided Projects,Divided Collection | Divided Projects
394603,899373,2,0.6598811149597168,Trousers | Jersey Fancy | Dresses Ladies | Jersey Basic | Blouses,Jersey Fancy,Jersey Fancy,"Divided Collection | Womens Everyday Collection | Divided Projects | Divided Basics | Womens Nightwear, Socks & Tigh",Divided Collection,Divided Collection
394603,1093115,3,0.6598809957504272,Trousers | Jersey Fancy | Dresses Ladies | Jersey Basic | Blouses,Jersey Fancy,Jersey Fancy,"Divided Collection | Womens Everyday Collection | Divided Projects | Divided Basics | Womens Nightwear, Socks & Tigh",Divided Collection,Divided Collection
394603,921737,4,0.6528211832046509,Trousers | Jersey Fancy | Dresses Ladies | Jersey Basic | Blouses,Dresses Ladies | Jersey Fancy | Blouses | Skirts | Knitwear,Jersey Fancy | Dresses Ladies | Blouses,"Divided Collection | Womens Everyday Collection | Divided Projects | Divided Basics | Womens Nightwear, Socks & Tigh",Divided Collection | Divided Projects | Divided Accessories | Divided Basics | Womens Everyday Collection,Divided Collection | Womens Everyday Collection | Divided Projects | Divided Basics
394603,1139701,5,0.6498446464538574,Trousers | Jersey Fancy | Dresses Ladies | Jersey Basic | Blouses,"Dresses Ladies | Jersey Fancy | Under-, Nightwear | Jersey Basic | Knitwear",Jersey Fancy | Dresses Ladies | Jersey Basic,"Divided Collection | Womens Everyday Collection | Divided Projects | Divided Basics | Womens Nightwear, Socks & Tigh","Divided Collection | Divided Projects | Womens Nightwear, Socks & Tigh | Womens Everyday Collection | Divided Basics","Divided Collection | Womens Everyday Collection | Divided Projects | Divided Basics | Womens Nightwear, Socks & Tigh"
394603,475373,6,0.6486372947692871,Trousers | Jersey Fancy | Dresses Ladies | Jersey Basic | Blouses,Shoes,,"Divided Collection | Womens Everyday Collection | Divided Projects | Divided Basics | Womens Nightwear, Socks & Tigh",Womens Shoes,
394603,1039082,7,0.638272225856781,Trousers | Jersey Fancy | Dresses Ladies | Jersey Basic | Blouses,"Jersey Fancy | Trousers | Jersey Basic | Under-, Nightwear | Trousers Denim",Trousers | Jersey Fancy | Jersey Basic,"Divided Collection | Womens Everyday Collection | Divided Projects | Divided Basics | Womens Nightwear, Socks & Tigh","Divided Collection | Divided Basics | Ladies Denim | Womens Swimwear, beachwear | Womens Lingerie",Divided Collection | Divided Basics
394603,1111162,8,0.6283486485481262,Trousers | Jersey Fancy | Dresses Ladies | Jersey Basic | Blouses,Special Offers,,"Divided Collection | Womens Everyday Collection | Divided Projects | Divided Basics | Womens Nightwear, Socks & Tigh",Divided Projects,Divided Projects
394603,642298,9,0.6223863959312439,Trousers | Jersey Fancy | Dresses Ladies | Jersey Basic | Blouses,Unknown,,"Divided Collection | Womens Everyday Collection | Divided Projects | Divided Basics | Womens Nightwear, Socks & Tigh",Divided Projects,Divided Projects
394603,196755,10,0.6182550191879272,Trousers | Jersey Fancy | Dresses Ladies | Jersey Basic | Blouses,Jersey Fancy | Dresses Ladies | Blouses | Knitwear | Trousers,Trousers | Jersey Fancy | Dresses Ladies | Blouses,"Divided Collection | Womens Everyday Collection | Divided Projects | Divided Basics | Womens Nightwear, Socks & Tigh",Womens Everyday Collection | Divided Collection | Womens Tailoring | Womens Casual | Womens Shoes,Divided Collection | Womens Everyday Collection
459261,969180,1,0.635267972946167,"Under-, Nightwear | Jersey Fancy | Dresses Ladies | Trousers | Knitwear",Jersey Fancy | Knitwear | Dresses Ladies | Trousers | Skirts,Jersey Fancy | Dresses Ladies | Trousers | Knitwear,"Womens Everyday Collection | Divided Collection | Womens Nightwear, Socks & Tigh | Womens Lingerie | Womens Casual",Womens Everyday Collection | Womens Tailoring | Divided Collection | Womens Trend | Divided Projects,Womens Everyday Collection | Divided Collection
459261,1361728,2,0.5999354124069214,"Under-, Nightwear | Jersey Fancy | Dresses Ladies | Trousers | Knitwear","Under-, Nightwear","Under-, Nightwear","Womens Everyday Collection | Divided Collection | Womens Nightwear, Socks & Tigh | Womens Lingerie | Womens Casual","Womens Nightwear, Socks & Tigh","Womens Nightwear, Socks & Tigh"
459261,196755,3,0.5716568231582642,"Under-, Nightwear | Jersey Fancy | Dresses Ladies | Trousers | Knitwear",Jersey Fancy | Dresses Ladies | Blouses | Knitwear | Trousers,Jersey Fancy | Dresses Ladies | Trousers | Knitwear,"Womens Everyday Collection | Divided Collection | Womens Nightwear, Socks & Tigh | Womens Lingerie | Womens Casual",Womens Everyday Collection | Divided Collection | Womens Tailoring | Womens Casual | Womens Shoes,Womens Everyday Collection | Divided Collection | Womens Casual
459261,819330,4,0.5619719624519348,"Under-, Nightwear | Jersey Fancy | Dresses Ladies | Trousers | Knitwear","Jersey Fancy | Knitwear | Accessories | Swimwear | Under-, Nightwear","Under-, Nightwear | Jersey Fancy | Knitwear","Womens Everyday Collection | Divided Collection | Womens Nightwear, Socks & Tigh | Womens Lingerie | Womens Casual","Divided Collection | Womens Everyday Collection | Womens Swimwear, beachwear | Divided Projects | Womens Lingerie",Womens Everyday Collection | Divided Collection | Womens Lingerie
459261,582904,5,0.5509864091873169,"Under-, Nightwear | Jersey Fancy | Dresses Ladies | Trousers | Knitwear",Knitwear | Jersey Fancy | Accessories | Dresses Ladies | Blouses,Jersey Fancy | Dresses Ladies | Knitwear,"Womens Everyday Collection | Divided Collection | Womens Nightwear, Socks & Tigh | Womens Lingerie | Womens Casual","Womens Everyday Collection | Divided Collection | Womens Swimwear, beachwear | Womens Tailoring | Womens Trend",Womens Everyday Collection | Divided Collection
459261,1186141,6,0.5473881363868713,"Under-, Nightwear | Jersey Fancy | Dresses Ladies | Trousers | Knitwear","Accessories | Under-, Nightwear | Shoes | Trousers | Outdoor","Under-, Nightwear | Trousers","Womens Everyday Collection | Divided Collection | Womens Nightwear, Socks & Tigh | Womens Lingerie | Womens Casual","Womens Everyday Collection | Divided Collection | Womens Shoes | Womens Small accessories | Womens Nightwear, Socks & Tigh","Womens Everyday Collection | Divided Collection | Womens Nightwear, Socks & Tigh"
459261,96334,7,0.5428705215454102,"Under-, Nightwear | Jersey Fancy | Dresses Ladies | Trousers | Knitwear",Trousers,Trousers,"Womens Everyday Collection | Divided Collection | Womens Nightwear, Socks & Tigh | Womens Lingerie | Womens Casual",Womens Everyday Collection,Womens Everyday Collection
459261,981968,8,0.5407348871231079,"Under-, Nightwear | Jersey Fancy | Dresses Ladies | Trousers | Knitwear","Jersey Fancy | Trousers | Dresses Ladies | Swimwear | Under-, Nightwear","Under-, Nightwear | Jersey Fancy | Dresses Ladies | Trousers","Womens Everyday Collection | Divided Collection | Womens Nightwear, Socks & Tigh | Womens Lingerie | Womens Casual","Womens Everyday Collection | Divided Collection | Womens Trend | Womens Swimwear, beachwear | Womens Lingerie",Womens Everyday Collection | Divided Collection | Womens Lingerie
459261,719180,9,0.5404840111732483,"Under-, Nightwear | Jersey Fancy | Dresses Ladies | Trousers | Knitwear","Trousers | Knitwear | Blouses | Dresses Ladies | Under-, Nightwear","Under-, Nightwear | Dresses Ladies | Trousers | Knitwear","Womens Everyday Collection | Divided Collection | Womens Nightwear, Socks & Tigh | Womens Lingerie | Womens Casual",Womens Everyday Collection | Womens Tailoring | Divided Collection | Womens Trend | Womens Shoes,Womens Everyday Collection | Divided Collection
459261,560635,10,0.5395342111587524,"Under-, Nightwear | Jersey Fancy | Dresses Ladies | Trousers | Knitwear",Jersey Fancy | Blouses | Dresses Ladies | Accessories | Trousers,Jersey Fancy | Dresses Ladies | Trousers,"Womens Everyday Collection | Divided Collection | Womens Nightwear, Socks & Tigh | Womens Lingerie | Womens Casual",Womens Everyday Collection | Divided Collection | Ladies H&M Sport | Womens Tailoring | Womens Small accessories,Womens Everyday Collection | Divided Collection
545477,1187655,1,0.5801199674606323,"Jersey Basic | Jersey Fancy | Trousers | Knitwear | Under-, Nightwear",Accessories,,Divided Collection | Womens Everyday Basics | Womens Everyday Collection | Divided Basics | Womens Lingerie,Men Accessories,
545477,1067545,2,0.5741755366325378,"Jersey Basic | Jersey Fancy | Trousers | Knitwear | Under-, Nightwear",Jersey Fancy | Jersey Basic,Jersey Basic | Jersey Fancy,Divided Collection | Womens Everyday Basics | Womens Everyday Collection | Divided Basics | Womens Lingerie,H&M+ | Womens Everyday Basics | Contemporary Smart | Divided Basics | Men Underwear,Womens Everyday Basics | Divided Basics
545477,347340,3,0.5647769570350647,"Jersey Basic | Jersey Fancy | Trousers | Knitwear | Under-, Nightwear",Jersey Fancy,Jersey Fancy,Divided Collection | Womens Everyday Basics | Womens Everyday Collection | Divided Basics | Womens Lingerie,Divided Selected | Contemporary Street,
545477,135339,4,0.5576968193054199,"Jersey Basic | Jersey Fancy | Trousers | Knitwear | Under-, Nightwear",Shoes,,Divided Collection | Womens Everyday Basics | Womens Everyday Collection | Divided Basics | Womens Lingerie,Men Shoes,
545477,1117581,5,0.5461623668670654,"Jersey Basic | Jersey Fancy | Trousers | Knitwear | Under-, Nightwear",Jersey Basic | Jersey Fancy | Dresses Ladies | Knitwear | Accessories,Jersey Basic | Jersey Fancy | Knitwear,Divided Collection | Womens Everyday Basics | Womens Everyday Collection | Divided Basics | Womens Lingerie,Womens Everyday Collection | Womens Casual | Womens Everyday Basics | Divided Basics | Divided Collection,Divided Collection | Womens Everyday Basics | Womens Everyday Collection | Divided Basics
545477,116011,6,0.5418142080307007,"Jersey Basic | Jersey Fancy | Trousers | Knitwear | Under-, Nightwear",Jersey Fancy | Trousers | Knitwear | Accessories | Trousers Denim,Jersey Fancy | Trousers | Knitwear,Divided Collection | Womens Everyday Basics | Womens Everyday Collection | Divided Basics | Womens Lingerie,Divided Collection | Womens Everyday Collection | Ladies Denim | Divided Basics | Womens Casual,Divided Collection | Womens Everyday Collection | Divided Basics
545477,129419,7,0.5404143333435059,"Jersey Basic | Jersey Fancy | Trousers | Knitwear | Under-, Nightwear",Jersey Fancy | Accessories,Jersey Fancy,Divided Collection | Womens Everyday Basics | Womens Everyday Collection | Divided Basics | Womens Lingerie,Divided Collection | Womens Small accessories,Divided Collection
545477,559798,8,0.5396558046340942,"Jersey Basic | Jersey Fancy | Trousers | Knitwear | Under-, Nightwear","Jersey Fancy | Under-, Nightwear | Trousers | Jersey Basic | Shoes","Jersey Basic | Jersey Fancy | Trousers | Under-, Nightwear",Divided Collection | Womens Everyday Basics | Womens Everyday Collection | Divided Basics | Womens Lingerie,"Womens Nightwear, Socks & Tigh | Ladies H&M Sport | Divided Collection | Womens Casual | Divided Selected",Divided Collection
545477,1260418,9,0.539397656917572,"Jersey Basic | Jersey Fancy | Trousers | Knitwear | Under-, Nightwear","Jersey Fancy | Under-, Nightwear","Jersey Fancy | Under-, Nightwear",Divided Collection | Womens Everyday Basics | Womens Everyday Collection | Divided Basics | Womens Lingerie,"Divided Collection | Womens Nightwear, Socks & Tigh",Divided Collection
545477,1345140,10,0.5321749448776245,"Jersey Basic | Jersey Fancy | Trousers | Knitwear | Under-, Nightwear",Jersey Basic,Jersey Basic,Divided Collection | Womens Everyday Basics | Womens Everyday Collection | Divided Basics | Womens Lingerie,Divided Basics,Divided Basics
560635,668739,1,0.5989879369735718,Jersey Fancy | Blouses | Dresses Ladies | Accessories | Trousers,Trousers | Jersey Fancy | Blouses | Dresses Ladies | Jersey Basic,Jersey Fancy | Blouses | Dresses Ladies | Trousers,Womens Everyday Collection | Divided Collection | Ladies H&M Sport | Womens Tailoring | Womens Small accessories,Divided Collection | Womens Everyday Collection | Divided Projects | Womens Casual | Womens Tailoring,Womens Everyday Collection | Divided Collection | Womens Tailoring
560635,279811,2,0.5798459649085999,Jersey Fancy | Blouses | Dresses Ladies | Accessories | Trousers,Accessories | Special Offers,Accessories,Womens Everyday Collection | Divided Collection | Ladies H&M Sport | Womens Tailoring | Womens Small accessories,Womens Small accessories | Divided Projects,Womens Small accessories
560635,77372,3,0.5719344615936279,Jersey Fancy | Blouses | Dresses Ladies | Accessories | Trousers,"Jersey Fancy | Trousers | Knitwear | Blouses | Under-, Nightwear",Jersey Fancy | Blouses | Trousers,Womens Everyday Collection | Divided Collection | Ladies H&M Sport | Womens Tailoring | Womens Small accessories,Divided Collection | Womens Everyday Collection | Ladies H&M Sport | Womens Everyday Basics | Ladies Denim,Womens Everyday Collection | Divided Collection | Ladies H&M Sport
560635,1175489,4,0.5616066455841064,Jersey Fancy | Blouses | Dresses Ladies | Accessories | Trousers,Accessories | Trousers | Blouses | Jersey Fancy | Dresses Ladies,Jersey Fancy | Blouses | Dresses Ladies | Accessories | Trousers,Womens Everyday Collection | Divided Collection | Ladies H&M Sport | Womens Tailoring | Womens Small accessories,Divided Collection | Womens Everyday Collection | Womens Small accessories | Divided Projects | Womens Tailoring,Womens Everyday Collection | Divided Collection | Womens Tailoring | Womens Small accessories
560635,466702,5,0.558803141117096,Jersey Fancy | Blouses | Dresses Ladies | Accessories | Trousers,Blouses,Blouses,Womens Everyday Collection | Divided Collection | Ladies H&M Sport | Womens Tailoring | Womens Small accessories,Divided Collection,Divided Collection
560635,1324074,6,0.5425058603286743,Jersey Fancy | Blouses | Dresses Ladies | Accessories | Trousers,Jersey Fancy | Dresses Ladies | Trousers | Accessories | Blouses,Jersey Fancy | Blouses | Dresses Ladies | Accessories | Trousers,Womens Everyday Collection | Divided Collection | Ladies H&M Sport | Womens Tailoring | Womens Small accessories,Womens Everyday Collection | Divided Collection | Womens Tailoring | Womens Small accessories | Womens Lingerie,Womens Everyday Collection | Divided Collection | Womens Tailoring | Womens Small accessories
560635,86574,7,0.5401301383972168,Jersey Fancy | Blouses | Dresses Ladies | Accessories | Trousers,Accessories,Accessories,Womens Everyday Collection | Divided Collection | Ladies H&M Sport | Womens Tailoring | Womens Small accessories,Womens Big accessories,
560635,459261,8,0.5395342111587524,Jersey Fancy | Blouses | Dresses Ladies | Accessories | Trousers,"Under-, Nightwear | Jersey Fancy | Dresses Ladies | Trousers | Knitwear",Jersey Fancy | Dresses Ladies | Trousers,Womens Everyday Collection | Divided Collection | Ladies H&M Sport | Womens Tailoring | Womens Small accessories,"Womens Everyday Collection | Divided Collection | Womens Nightwear, Socks & Tigh | Womens Lingerie | Womens Casual",Womens Everyday Collection | Divided Collection
560635,197033,9,0.5370118618011475,Jersey Fancy | Blouses | Dresses Ladies | Accessories | Trousers,Skirts | Special Offers,,Womens Everyday Collection | Divided Collection | Ladies H&M Sport | Womens Tailoring | Womens Small accessories,Divided Collection | Divided Projects,Divided Collection
560635,1368768,10,0.5297360420227051,Jersey Fancy | Blouses | Dresses Ladies | Accessories | Trousers,Jersey Fancy | Dresses Ladies | Trousers | Blouses | Accessories,Jersey Fancy | Blouses | Dresses Ladies | Accessories | Trousers,Womens Everyday Collection | Divided Collection | Ladies H&M Sport | Womens Tailoring | Womens Small accessories,Womens Everyday Collection | Ladies H&M Sport | Divided Collection | Womens Tailoring | Womens Trend,Womens Everyday Collection | Divided Collection | Ladies H&M Sport | Womens Tailoring
582904,227221,1,0.659436047077179,Knitwear | Jersey Fancy | Accessories | Dresses Ladies | Blouses,Outdoor,,"Womens Everyday Collection | Divided Collection | Womens Swimwear, beachwear | Womens Tailoring | Womens Trend",Divided Collection,Divided Collection
582904,1137216,2,0.6550395488739014,Knitwear | Jersey Fancy | Accessories | Dresses Ladies | Blouses,"Accessories | Swimwear | Knitwear | Jersey Fancy | Under-, Nightwear",Knitwear | Jersey Fancy | Accessories,"Womens Everyday Collection | Divided Collection | Womens Swimwear, beachwear | Womens Tailoring | Womens Trend","Womens Everyday Collection | Womens Swimwear, beachwear | Womens Nightwear, Socks & Tigh | Womens Small accessories | Divided Collection","Womens Everyday Collection | Divided Collection | Womens Swimwear, beachwear"
582904,477449,3,0.6487909555435181,Knitwear | Jersey Fancy | Accessories | Dresses Ladies | Blouses,Accessories | Socks and Tights | Outdoor,Accessories,"Womens Everyday Collection | Divided Collection | Womens Swimwear, beachwear | Womens Tailoring | Womens Trend",Divided Accessories | Womens Big accessories | Baby Essentials & Complements | Divided Collection,Divided Collection
582904,416868,4,0.6477152109146118,Knitwear | Jersey Fancy | Accessories | Dresses Ladies | Blouses,Blouses,Blouses,"Womens Everyday Collection | Divided Collection | Womens Swimwear, beachwear | Womens Tailoring | Womens Trend",Divided Projects,
582904,999400,5,0.647715151309967,Knitwear | Jersey Fancy | Accessories | Dresses Ladies | Blouses,Blouses,Blouses,"Womens Everyday Collection | Divided Collection | Womens Swimwear, beachwear | Womens Tailoring | Womens Trend",Divided Projects,
582904,1072021,6,0.6477150917053223,Knitwear | Jersey Fancy | Accessories | Dresses Ladies | Blouses,Blouses,Blouses,"Womens Everyday Collection | Divided Collection | Womens Swimwear, beachwear | Womens Tailoring | Womens Trend",Divided Projects,
582904,1343614,7,0.6443917751312256,Knitwear | Jersey Fancy | Accessories | Dresses Ladies | Blouses,Accessories,Accessories,"Womens Everyday Collection | Divided Collection | Womens Swimwear, beachwear | Womens Tailoring | Womens Trend",Womens Big accessories,
582904,630631,8,0.6221950054168701,Knitwear | Jersey Fancy | Accessories | Dresses Ladies | Blouses,"Jersey Fancy | Knitwear | Dresses Ladies | Under-, Nightwear | Jersey Basic",Knitwear | Jersey Fancy | Dresses Ladies,"Womens Everyday Collection | Divided Collection | Womens Swimwear, beachwear | Womens Tailoring | Womens Trend","Divided Collection | Womens Everyday Collection | Ladies H&M Sport | Womens Swimwear, beachwear | Womens Lingerie","Womens Everyday Collection | Divided Collection | Womens Swimwear, beachwear"
582904,1085077,9,0.6200391054153442,Knitwear | Jersey Fancy | Accessories | Dresses Ladies | Blouses,Outdoor,,"Womens Everyday Collection | Divided Collection | Womens Swimwear, beachwear | Womens Tailoring | Womens Trend",Divided Collection,Divided Collection
582904,23934,10,0.6200389862060547,Knitwear | Jersey Fancy | Accessories | Dresses Ladies | Blouses,Outdoor,,"Womens Everyday Collection | Divided Collection | Womens Swimwear, beachwear | Womens Tailoring | Womens Trend",Divided Collection,Divided Collection
641881,1185279,1,0.7288790941238403,Jersey Fancy | Jersey Basic | Trousers | Shirts | Skirts,Jersey Basic | Jersey Fancy | Swimwear | Shorts | Accessories,Jersey Fancy | Jersey Basic,Divided Collection | Divided Basics | Men Underwear | Young Boy | Contemporary Street,Divided Collection | Divided Basics | Young Girl | Boys Underwear & Basics | Men Underwear,Divided Collection | Divided Basics | Men Underwear
641881,432762,2,0.6625928282737732,Jersey Fancy | Jersey Basic | Trousers | Shirts | Skirts,Jersey Basic | Jersey Fancy | Swimwear | Special Offers | Trousers Denim,Jersey Fancy | Jersey Basic,Divided Collection | Divided Basics | Men Underwear | Young Boy | Contemporary Street,"Divided Collection | Divided Basics | Womens Swimwear, beachwear | Men Underwear | Ladies Denim",Divided Collection | Divided Basics | Men Underwear
641881,1176355,3,0.6164600849151611,Jersey Fancy | Jersey Basic | Trousers | Shirts | Skirts,Jersey Fancy | Jersey Basic | Unknown | Knitwear | Dresses Ladies,Jersey Fancy | Jersey Basic,Divided Collection | Divided Basics | Men Underwear | Young Boy | Contemporary Street,Divided Collection | Womens Casual | Kids Boy | Boys Underwear & Basics | Young Boy,Divided Collection | Young Boy
641881,290280,4,0.6083595752716064,Jersey Fancy | Jersey Basic | Trousers | Shirts | Skirts,Jersey Fancy | Jersey Basic | Knitwear | Shoes | Swimwear,Jersey Fancy | Jersey Basic,Divided Collection | Divided Basics | Men Underwear | Young Boy | Contemporary Street,Young Girl | Young Boy | Boys Underwear & Basics | Divided Collection | Divided Basics,Divided Collection | Divided Basics | Young Boy
641881,982309,5,0.6019334197044373,Jersey Fancy | Jersey Basic | Trousers | Shirts | Skirts,Jersey Basic | Jersey Fancy | Trousers Denim | Outdoor | Dresses Ladies,Jersey Fancy | Jersey Basic,Divided Collection | Divided Basics | Men Underwear | Young Boy | Contemporary Street,Men Underwear | Divided Basics | Divided Collection | Womens Everyday Basics | Kids Girl,Divided Collection | Divided Basics | Men Underwear
641881,1273474,6,0.5992727279663086,Jersey Fancy | Jersey Basic | Trousers | Shirts | Skirts,Dresses Ladies | Jersey Basic | Jersey Fancy,Jersey Fancy | Jersey Basic,Divided Collection | Divided Basics | Men Underwear | Young Boy | Contemporary Street,Divided Collection | Divided Selected | Divided Basics,Divided Collection | Divided Basics
641881,623655,7,0.5986413955688477,Jersey Fancy | Jersey Basic | Trousers | Shirts | Skirts,"Jersey Basic | Jersey Fancy | Accessories | Under-, Nightwear | Outdoor",Jersey Fancy | Jersey Basic,Divided Collection | Divided Basics | Men Underwear | Young Boy | Contemporary Street,Divided Basics | Divided Collection | Womens Small accessories | Men Underwear | Divided Complements Other,Divided Collection | Divided Basics | Men Underwear
641881,712039,8,0.5925745964050293,Jersey Fancy | Jersey Basic | Trousers | Shirts | Skirts,Jersey Fancy | Jersey Basic | Dresses Ladies | Trousers,Jersey Fancy | Jersey Basic | Trousers,Divided Collection | Divided Basics | Men Underwear | Young Boy | Contemporary Street,Divided Collection | Divided Basics | Contemporary Smart | Contemporary Street | Young Boy,Divided Collection | Divided Basics | Young Boy | Contemporary Street
641881,568016,9,0.5913547277450562,Jersey Fancy | Jersey Basic | Trousers | Shirts | Skirts,Jersey Fancy | Jersey Basic | Trousers | Socks and Tights | Trousers Denim,Jersey Fancy | Jersey Basic | Trousers,Divided Collection | Divided Basics | Men Underwear | Young Boy | Contemporary Street,"Divided Collection | Divided Basics | Womens Nightwear, Socks & Tigh | Womens Everyday Basics | Ladies H&M Sport",Divided Collection | Divided Basics
641881,117944,10,0.5904890298843384,Jersey Fancy | Jersey Basic | Trousers | Shirts | Skirts,Jersey Fancy | Jersey Basic | Trousers | Skirts | Shoes,Jersey Fancy | Jersey Basic | Trousers | Skirts,Divided Collection | Divided Basics | Men Underwear | Young Boy | Contemporary Street,Divided Collection | Divided Selected | Divided Basics | Boys Underwear & Basics | Womens Everyday Collection,Divided Collection | Divided Basics
711274,72791,1,0.7028785347938538,Jersey Fancy | Accessories | Dresses Ladies | Trousers Denim | Trousers,"Jersey Fancy | Under-, Nightwear | Accessories | Shoes | Dresses Ladies",Jersey Fancy | Accessories | Dresses Ladies,Ladies H&M Sport | Womens Everyday Collection | Ladies Denim | Divided Collection | Womens Tailoring,Womens Lingerie | Womens Shoes | Divided Collection | Ladies H&M Sport | Womens Everyday Collection,Ladies H&M Sport | Womens Everyday Collection | Divided Collection
711274,158665,2,0.6725046634674072,Jersey Fancy | Accessories | Dresses Ladies | Trousers Denim | Trousers,"Special Offers | Accessories | Unknown | Under-, Nightwear | Knitwear",Accessories,Ladies H&M Sport | Womens Everyday Collection | Ladies Denim | Divided Collection | Womens Tailoring,"Special Collections | Womens Small accessories | Womens Nightwear, Socks & Tigh | Womens Everyday Collection | Collaborations",Womens Everyday Collection
711274,258045,3,0.6538643836975098,Jersey Fancy | Accessories | Dresses Ladies | Trousers Denim | Trousers,Unknown,,Ladies H&M Sport | Womens Everyday Collection | Ladies Denim | Divided Collection | Womens Tailoring,Collaborations,
711274,1192440,4,0.6538642644882202,Jersey Fancy | Accessories | Dresses Ladies | Trousers Denim | Trousers,Unknown,,Ladies H&M Sport | Womens Everyday Collection | Ladies Denim | Divided Collection | Womens Tailoring,Collaborations,
711274,1323824,5,0.6538641452789307,Jersey Fancy | Accessories | Dresses Ladies | Trousers Denim | Trousers,Unknown,,Ladies H&M Sport | Womens Everyday Collection | Ladies Denim | Divided Collection | Womens Tailoring,Collaborations,
711274,1263247,6,0.6502724885940552,Jersey Fancy | Accessories | Dresses Ladies | Trousers Denim | Trousers,Accessories | Shoes,Accessories,Ladies H&M Sport | Womens Everyday Collection | Ladies Denim | Divided Collection | Womens Tailoring,Womens Small accessories | Womens Shoes,
711274,762791,7,0.6470955014228821,Jersey Fancy | Accessories | Dresses Ladies | Trousers Denim | Trousers,Unknown,,Ladies H&M Sport | Womens Everyday Collection | Ladies Denim | Divided Collection | Womens Tailoring,Special Collections,
711274,815832,8,0.6350572109222412,Jersey Fancy | Accessories | Dresses Ladies | Trousers Denim | Trousers,Jersey Fancy | Knitwear | Trousers | Jersey Basic | Dresses Ladies,Jersey Fancy | Dresses Ladies | Trousers,Ladies H&M Sport | Womens Everyday Collection | Ladies Denim | Divided Collection | Womens Tailoring,Womens Everyday Collection | Womens Everyday Basics | Womens Tailoring | Divided Collection | Divided Selected,Womens Everyday Collection | Divided Collection | Womens Tailoring
711274,632059,9,0.6343086361885071,Jersey Fancy | Accessories | Dresses Ladies | Trousers Denim | Trousers,Dresses Ladies | Special Offers | Knitwear | Jersey Fancy,Jersey Fancy | Dresses Ladies,Ladies H&M Sport | Womens Everyday Collection | Ladies Denim | Divided Collection | Womens Tailoring,Womens Premium | Womens Everyday Basics | Divided Collection | Womens Trend | Divided Selected,Divided Collection
711274,501389,10,0.6333391666412354,Jersey Fancy | Accessories | Dresses Ladies | Trousers Denim | Trousers,"Shoes | Unknown | Dresses Ladies | Under-, Nightwear | Accessories",Accessories | Dresses Ladies,Ladies H&M Sport | Womens Everyday Collection | Ladies Denim | Divided Collection | Womens Tailoring,Womens Shoes | Collaborations | Womens Premium | Womens Lingerie | Womens Big accessories,
736963,66143,1,0.7017965912818909,Accessories | Jersey Fancy | Jersey Basic | Trousers | Shoes,Unknown | Accessories,Accessories,Men Underwear | H&M+ | Contemporary Casual | Womens Everyday Collection | Womens Big accessories,Men Other 2 | Men Accessories,
736963,239809,2,0.6877050995826721,Accessories | Jersey Fancy | Jersey Basic | Trousers | Shoes,Shoes,Shoes,Men Underwear | H&M+ | Contemporary Casual | Womens Everyday Collection | Womens Big accessories,Kids & Baby Shoes,
736963,279851,3,0.6712216138839722,Accessories | Jersey Fancy | Jersey Basic | Trousers | Shoes,Knitwear | Jersey Basic | Jersey Fancy | Shirts | Accessories,Accessories | Jersey Fancy | Jersey Basic,Men Underwear | H&M+ | Contemporary Casual | Womens Everyday Collection | Womens Big accessories,Womens Everyday Collection | Men Underwear | Womens Tailoring | Boys Underwear & Basics | Womens Trend,Men Underwear | Womens Everyday Collection
736963,1239205,4,0.6693699359893799,Accessories | Jersey Fancy | Jersey Basic | Trousers | Shoes,Jersey Fancy | Trousers | Knitwear | Blouses | Trousers Denim,Jersey Fancy | Trousers,Men Underwear | H&M+ | Contemporary Casual | Womens Everyday Collection | Womens Big accessories,H&M+ | Young Boy | Contemporary Casual | Denim Men | Men Underwear,Men Underwear | H&M+ | Contemporary Casual
736963,1156360,5,0.650033712387085,Accessories | Jersey Fancy | Jersey Basic | Trousers | Shoes,Jersey Fancy,Jersey Fancy,Men Underwear | H&M+ | Contemporary Casual | Womens Everyday Collection | Womens Big accessories,Womens Everyday Collection,Womens Everyday Collection
736963,508501,6,0.6321685314178467,Accessories | Jersey Fancy | Jersey Basic | Trousers | Shoes,Jersey Fancy | Shoes | Accessories | Trousers | Blouses,Accessories | Jersey Fancy | Trousers | Shoes,Men Underwear | H&M+ | Contemporary Casual | Womens Everyday Collection | Womens Big accessories,Womens Trend | Womens Shoes | Kids Girl | Womens Small accessories | Womens Everyday Collection,Womens Everyday Collection
736963,1084575,7,0.6305145025253296,Accessories | Jersey Fancy | Jersey Basic | Trousers | Shoes,Trousers,Trousers,Men Underwear | H&M+ | Contemporary Casual | Womens Everyday Collection | Womens Big accessories,Kids Girl,
736963,1042541,8,0.6101815700531006,Accessories | Jersey Fancy | Jersey Basic | Trousers | Shoes,Jersey Fancy | Accessories | Trousers | Shoes | Knitwear,Accessories | Jersey Fancy | Trousers | Shoes,Men Underwear | H&M+ | Contemporary Casual | Womens Everyday Collection | Womens Big accessories,Womens Everyday Collection | Ladies H&M Sport | Womens Tailoring | Womens Shoes | Men H&M Sport,Womens Everyday Collection
736963,1207794,9,0.5951737761497498,Accessories | Jersey Fancy | Jersey Basic | Trousers | Shoes,Accessories,Accessories,Men Underwear | H&M+ | Contemporary Casual | Womens Everyday Collection | Womens Big accessories,Womens Big accessories,Womens Big accessories
736963,1231964,10,0.5939000248908997,Accessories | Jersey Fancy | Jersey Basic | Trousers | Shoes,Outdoor,,Men Underwear | H&M+ | Contemporary Casual | Womens Everyday Collection | Womens Big accessories,Men H&M Sport,
760470,1021955,1,0.6451675891876221,Trousers | Blouses | Dresses Ladies | Knitwear | Jersey Fancy,Knitwear | Trousers | Jersey Fancy | Blouses | Dresses Ladies,Trousers | Blouses | Dresses Ladies | Knitwear | Jersey Fancy,Womens Everyday Collection | Womens Tailoring | Womens Casual | Divided Collection | Womens Shoes,Womens Everyday Collection | Womens Tailoring | Womens Trend | Womens Casual | Divided Collection,Womens Everyday Collection | Womens Tailoring | Womens Casual | Divided Collection
760470,404576,2,0.6365712881088257,Trousers | Blouses | Dresses Ladies | Knitwear | Jersey Fancy,Shoes | Blouses | Trousers | Accessories | Knitwear,Trousers | Blouses | Knitwear,Womens Everyday Collection | Womens Tailoring | Womens Casual | Divided Collection | Womens Shoes,Womens Everyday Collection | Womens Shoes | Womens Tailoring | Womens Trend | Womens Jackets,Womens Everyday Collection | Womens Tailoring | Womens Shoes
760470,1251103,3,0.6291358470916748,Trousers | Blouses | Dresses Ladies | Knitwear | Jersey Fancy,Knitwear | Accessories | Blouses | Trousers | Shoes,Trousers | Blouses | Knitwear,Womens Everyday Collection | Womens Tailoring | Womens Casual | Divided Collection | Womens Shoes,Womens Everyday Collection | Womens Big accessories | Womens Shoes | Womens Tailoring | Divided Collection,Womens Everyday Collection | Womens Tailoring | Divided Collection | Womens Shoes
760470,280048,4,0.613054633140564,Trousers | Blouses | Dresses Ladies | Knitwear | Jersey Fancy,Trousers | Knitwear | Dresses Ladies | Blouses | Jersey Fancy,Trousers | Blouses | Dresses Ladies | Knitwear | Jersey Fancy,Womens Everyday Collection | Womens Tailoring | Womens Casual | Divided Collection | Womens Shoes,Womens Everyday Collection | Womens Tailoring | Womens Casual | Womens Trend | Womens Shoes,Womens Everyday Collection | Womens Tailoring | Womens Casual | Womens Shoes
760470,927862,5,0.6118227243423462,Trousers | Blouses | Dresses Ladies | Knitwear | Jersey Fancy,Blouses | Trousers | Unknown | Jersey Fancy | Skirts,Trousers | Blouses | Jersey Fancy,Womens Everyday Collection | Womens Tailoring | Womens Casual | Divided Collection | Womens Shoes,Womens Everyday Collection | Womens Trend | Womens Casual | Special Collections | Divided Collection,Womens Everyday Collection | Womens Casual | Divided Collection
760470,1325382,6,0.6100726127624512,Trousers | Blouses | Dresses Ladies | Knitwear | Jersey Fancy,Blouses | Accessories | Knitwear | Trousers | Jersey Fancy,Trousers | Blouses | Knitwear | Jersey Fancy,Womens Everyday Collection | Womens Tailoring | Womens Casual | Divided Collection | Womens Shoes,Womens Everyday Collection | Womens Tailoring | Divided Collection | Womens Trend | Womens Small accessories,Womens Everyday Collection | Womens Tailoring | Divided Collection
760470,436305,7,0.6051303148269653,Trousers | Blouses | Dresses Ladies | Knitwear | Jersey Fancy,Knitwear | Blouses | Jersey Fancy | Trousers | Dresses Ladies,Trousers | Blouses | Dresses Ladies | Knitwear | Jersey Fancy,Womens Everyday Collection | Womens Tailoring | Womens Casual | Divided Collection | Womens Shoes,Womens Everyday Collection | Womens Tailoring | Womens Casual | Divided Collection | Womens Jackets,Womens Everyday Collection | Womens Tailoring | Womens Casual | Divided Collection
760470,913624,8,0.604615330696106,Trousers | Blouses | Dresses Ladies | Knitwear | Jersey Fancy,Dresses Ladies | Unknown | Blouses | Knitwear | Trousers,Trousers | Blouses | Dresses Ladies | Knitwear,Womens Everyday Collection | Womens Tailoring | Womens Casual | Divided Collection | Womens Shoes,Womens Everyday Collection | Womens Tailoring | Womens Trend | Special Collections | Womens Casual,Womens Everyday Collection | Womens Tailoring | Womens Casual
760470,1003812,9,0.6016912460327148,Trousers | Blouses | Dresses Ladies | Knitwear | Jersey Fancy,Accessories,,Womens Everyday Collection | Womens Tailoring | Womens Casual | Divided Collection | Womens Shoes,Womens Big accessories,
760470,212804,10,0.6016911268234253,Trousers | Blouses | Dresses Ladies | Knitwear | Jersey Fancy,Accessories,,Womens Everyday Collection | Womens Tailoring | Womens Casual | Divided Collection | Womens Shoes,Womens Big accessories,
891429,913159,1,0.8301001191139221,"Dresses Ladies | Jersey Fancy | Trousers | Jersey Basic | Under-, Nightwear",Accessories,,Womens Everyday Collection | Divided Collection | Womens Tailoring | Ladies H&M Sport | Womens Trend,Ladies H&M Sport,Ladies H&M Sport
891429,503282,2,0.6736782789230347,"Dresses Ladies | Jersey Fancy | Trousers | Jersey Basic | Under-, Nightwear","Jersey Fancy | Jersey Basic | Under-, Nightwear | Shoes | Swimwear","Jersey Fancy | Jersey Basic | Under-, Nightwear",Womens Everyday Collection | Divided Collection | Womens Tailoring | Ladies H&M Sport | Womens Trend,Womens Everyday Collection | Womens Everyday Basics | Womens Casual | Womens Shoes | Ladies H&M Sport,Womens Everyday Collection | Ladies H&M Sport
891429,341862,3,0.6514418125152588,"Dresses Ladies | Jersey Fancy | Trousers | Jersey Basic | Under-, Nightwear",Dresses Ladies,Dresses Ladies,Womens Everyday Collection | Divided Collection | Womens Tailoring | Ladies H&M Sport | Womens Trend,Womens Premium,
891429,403855,4,0.6394241452217102,"Dresses Ladies | Jersey Fancy | Trousers | Jersey Basic | Under-, Nightwear",Unknown,,Womens Everyday Collection | Divided Collection | Womens Tailoring | Ladies H&M Sport | Womens Trend,Collaborations,
891429,416522,5,0.6232404708862305,"Dresses Ladies | Jersey Fancy | Trousers | Jersey Basic | Under-, Nightwear",Dresses Ladies,Dresses Ladies,Womens Everyday Collection | Divided Collection | Womens Tailoring | Ladies H&M Sport | Womens Trend,Divided Selected,
891429,711274,6,0.6174887418746948,"Dresses Ladies | Jersey Fancy | Trousers | Jersey Basic | Under-, Nightwear",Jersey Fancy | Accessories | Dresses Ladies | Trousers Denim | Trousers,Dresses Ladies | Jersey Fancy | Trousers,Womens Everyday Collection | Divided Collection | Womens Tailoring | Ladies H&M Sport | Womens Trend,Ladies H&M Sport | Womens Everyday Collection | Ladies Denim | Divided Collection | Womens Tailoring,Womens Everyday Collection | Divided Collection | Womens Tailoring | Ladies H&M Sport
891429,801539,7,0.6106491684913635,"Dresses Ladies | Jersey Fancy | Trousers | Jersey Basic | Under-, Nightwear",Jersey Fancy | Blouses | Knitwear | Trousers | Dressed,Jersey Fancy | Trousers,Womens Everyday Collection | Divided Collection | Womens Tailoring | Ladies H&M Sport | Womens Trend,Womens Everyday Collection | Womens Trend,Womens Everyday Collection | Womens Trend
891429,758271,8,0.5998306274414062,"Dresses Ladies | Jersey Fancy | Trousers | Jersey Basic | Under-, Nightwear",Swimwear,,Womens Everyday Collection | Divided Collection | Womens Tailoring | Ladies H&M Sport | Womens Trend,"Womens Swimwear, beachwear",
891429,421370,9,0.5963378548622131,"Dresses Ladies | Jersey Fancy | Trousers | Jersey Basic | Under-, Nightwear",Accessories,,Womens Everyday Collection | Divided Collection | Womens Tailoring | Ladies H&M Sport | Womens Trend,Ladies H&M Sport,Ladies H&M Sport
891429,270550,10,0.5962963104248047,"Dresses Ladies | Jersey Fancy | Trousers | Jersey Basic | Under-, Nightwear",Blouses,,Womens Everyday Collection | Divided Collection | Womens Tailoring | Ladies H&M Sport | Womens Trend,Womens Trend,Womens Trend
950285,196755,1,0.5905446410179138,Jersey Fancy | Dresses Ladies | Jersey Basic | Blouses | Knitwear,Jersey Fancy | Dresses Ladies | Blouses | Knitwear | Trousers,Jersey Fancy | Dresses Ladies | Blouses | Knitwear,Womens Everyday Collection | Divided Collection | Womens Casual | Womens Everyday Basics | Divided Selected,Womens Everyday Collection | Divided Collection | Womens Tailoring | Womens Casual | Womens Shoes,Womens Everyday Collection | Divided Collection | Womens Casual
950285,1116916,2,0.58733069896698,Jersey Fancy | Dresses Ladies | Jersey Basic | Blouses | Knitwear,Jersey Fancy | Blouses | Dresses Ladies | Accessories | Trousers,Jersey Fancy | Dresses Ladies | Blouses,Womens Everyday Collection | Divided Collection | Womens Casual | Womens Everyday Basics | Divided Selected,Divided Collection | Womens Everyday Collection | Womens Tailoring | Womens Casual | Divided Selected,Womens Everyday Collection | Divided Collection | Womens Casual | Divided Selected
950285,900278,3,0.5860724449157715,Jersey Fancy | Dresses Ladies | Jersey Basic | Blouses | Knitwear,"Jersey Fancy | Dresses Ladies | Swimwear | Jersey Basic | Under-, Nightwear",Jersey Fancy | Dresses Ladies | Jersey Basic,Womens Everyday Collection | Divided Collection | Womens Casual | Womens Everyday Basics | Divided Selected,"Divided Collection | Womens Swimwear, beachwear | Womens Everyday Collection | Womens Lingerie | Womens Everyday Basics",Womens Everyday Collection | Divided Collection | Womens Everyday Basics
950285,281710,4,0.5820177793502808,Jersey Fancy | Dresses Ladies | Jersey Basic | Blouses | Knitwear,Jersey Fancy | Dresses Ladies | Blouses | Shoes | Trousers,Jersey Fancy | Dresses Ladies | Blouses,Womens Everyday Collection | Divided Collection | Womens Casual | Womens Everyday Basics | Divided Selected,Divided Collection | Womens Everyday Collection | Divided Selected | Womens Shoes | Kids & Baby Shoes,Womens Everyday Collection | Divided Collection | Divided Selected
950285,1191196,5,0.580380916595459,Jersey Fancy | Dresses Ladies | Jersey Basic | Blouses | Knitwear,Jersey Fancy | Blouses | Accessories | Shoes | Swimwear,Jersey Fancy | Blouses,Womens Everyday Collection | Divided Collection | Womens Casual | Womens Everyday Basics | Divided Selected,"Divided Collection | Womens Everyday Collection | Womens Swimwear, beachwear | Womens Shoes | Womens Small accessories",Womens Everyday Collection | Divided Collection
950285,350375,6,0.5798267126083374,Jersey Fancy | Dresses Ladies | Jersey Basic | Blouses | Knitwear,Jersey Fancy | Jersey Basic | Dresses Ladies | Blouses | Knitwear,Jersey Fancy | Dresses Ladies | Jersey Basic | Blouses | Knitwear,Womens Everyday Collection | Divided Collection | Womens Casual | Womens Everyday Basics | Divided Selected,Divided Collection | Womens Everyday Collection | Divided Basics | Divided Selected | Womens Casual,Womens Everyday Collection | Divided Collection | Womens Casual | Divided Selected
950285,588067,7,0.579444408416748,Jersey Fancy | Dresses Ladies | Jersey Basic | Blouses | Knitwear,"Jersey Fancy | Blouses | Knitwear | Trousers | Under-, Nightwear",Jersey Fancy | Blouses | Knitwear,Womens Everyday Collection | Divided Collection | Womens Casual | Womens Everyday Basics | Divided Selected,Divided Collection | Womens Everyday Collection | Womens Casual | Womens Everyday Basics | Divided Selected,Womens Everyday Collection | Divided Collection | Womens Casual | Womens Everyday Basics | Divided Selected
950285,1244231,8,0.575020432472229,Jersey Fancy | Dresses Ladies | Jersey Basic | Blouses | Knitwear,Blouses | Jersey Fancy | Trousers,Jersey Fancy | Blouses,Womens Everyday Collection | Divided Collection | Womens Casual | Womens Everyday Basics | Divided Selected,Womens Trend | Womens Casual | Womens Everyday Collection | Womens Tailoring,Womens Everyday Collection | Womens Casual
950285,742556,9,0.5692598819732666,Jersey Fancy | Dresses Ladies | Jersey Basic | Blouses | Knitwear,Jersey Fancy | Knitwear | Blouses | Dresses Ladies | Trousers,Jersey Fancy | Dresses Ladies | Blouses | Knitwear,Womens Everyday Collection | Divided Collection | Womens Casual | Womens Everyday Basics | Divided Selected,Womens Everyday Collection | Ladies H&M Sport | Womens Casual | Womens Tailoring | Divided Collection,Womens Everyday Collection | Divided Collection | Womens Casual
950285,531107,10,0.5681720972061157,Jersey Fancy | Dresses Ladies | Jersey Basic | Blouses | Knitwear,Jersey Fancy | Dresses Ladies | Shoes | Blouses | Trousers,Jersey Fancy | Dresses Ladies | Blouses,Womens Everyday Collection | Divided Collection | Womens Casual | Womens Everyday Basics | Divided Selected,Womens Everyday Collection | Divided Collection | Womens Shoes | Womens Big accessories | Young Girl,Womens Everyday Collection | Divided Collection
969180,459261,1,0.635267972946167,Jersey Fancy | Knitwear | Dresses Ladies | Trousers | Skirts,"Under-, Nightwear | Jersey Fancy | Dresses Ladies | Trousers | Knitwear",Jersey Fancy | Knitwear | Dresses Ladies | Trousers,Womens Everyday Collection | Womens Tailoring | Divided Collection | Womens Trend | Divided Projects,"Womens Everyday Collection | Divided Collection | Womens Nightwear, Socks & Tigh | Womens Lingerie | Womens Casual",Womens Everyday Collection | Divided Collection
969180,1029401,2,0.6054303646087646,Jersey Fancy | Knitwear | Dresses Ladies | Trousers | Skirts,Jersey Fancy | Knitwear | Blouses | Trousers | Accessories,Jersey Fancy | Knitwear | Trousers,Womens Everyday Collection | Womens Tailoring | Divided Collection | Womens Trend | Divided Projects,Womens Everyday Collection | Womens Trend | Divided Collection | Womens Tailoring | Ladies Denim,Womens Everyday Collection | Womens Tailoring | Divided Collection | Womens Trend
969180,719180,3,0.5896643996238708,Jersey Fancy | Knitwear | Dresses Ladies | Trousers | Skirts,"Trousers | Knitwear | Blouses | Dresses Ladies | Under-, Nightwear",Knitwear | Dresses Ladies | Trousers,Womens Everyday Collection | Womens Tailoring | Divided Collection | Womens Trend | Divided Projects,Womens Everyday Collection | Womens Tailoring | Divided Collection | Womens Trend | Womens Shoes,Womens Everyday Collection | Womens Tailoring | Divided Collection | Womens Trend
969180,582904,4,0.5888049602508545,Jersey Fancy | Knitwear | Dresses Ladies | Trousers | Skirts,Knitwear | Jersey Fancy | Accessories | Dresses Ladies | Blouses,Jersey Fancy | Knitwear | Dresses Ladies,Womens Everyday Collection | Womens Tailoring | Divided Collection | Womens Trend | Divided Projects,"Womens Everyday Collection | Divided Collection | Womens Swimwear, beachwear | Womens Tailoring | Womens Trend",Womens Everyday Collection | Womens Tailoring | Divided Collection | Womens Trend
969180,1252593,5,0.5845080614089966,Jersey Fancy | Knitwear | Dresses Ladies | Trousers | Skirts,Jersey Fancy | Jersey Basic | Knitwear | Dresses Ladies | Blouses,Jersey Fancy | Knitwear | Dresses Ladies,Womens Everyday Collection | Womens Tailoring | Divided Collection | Womens Trend | Divided Projects,"Womens Everyday Collection | Divided Collection | Womens Tailoring | Womens Everyday Basics | Womens Swimwear, beachwear",Womens Everyday Collection | Womens Tailoring | Divided Collection
969180,1218201,6,0.5826492309570312,Jersey Fancy | Knitwear | Dresses Ladies | Trousers | Skirts,Blouses | Dresses Ladies | Jersey Fancy | Knitwear | Outdoor,Jersey Fancy | Knitwear | Dresses Ladies,Womens Everyday Collection | Womens Tailoring | Divided Collection | Womens Trend | Divided Projects,Womens Everyday Collection | Divided Collection | Womens Tailoring | Womens Casual | Womens Jackets,Womens Everyday Collection | Womens Tailoring | Divided Collection
969180,881540,7,0.5708162784576416,Jersey Fancy | Knitwear | Dresses Ladies | Trousers | Skirts,Blouses | Knitwear | Jersey Fancy | Trousers | Dresses Ladies,Jersey Fancy | Knitwear | Dresses Ladies | Trousers,Womens Everyday Collection | Womens Tailoring | Divided Collection | Womens Trend | Divided Projects,"Womens Everyday Collection | Womens Tailoring | Womens Trend | Womens Swimwear, beachwear | Ladies Denim",Womens Everyday Collection | Womens Tailoring | Womens Trend
969180,1121757,8,0.5688027143478394,Jersey Fancy | Knitwear | Dresses Ladies | Trousers | Skirts,Accessories,,Womens Everyday Collection | Womens Tailoring | Divided Collection | Womens Trend | Divided Projects,Womens Big accessories,
969180,1096151,9,0.5688026547431946,Jersey Fancy | Knitwear | Dresses Ladies | Trousers | Skirts,Accessories,,Womens Everyday Collection | Womens Tailoring | Divided Collection | Womens Trend | Divided Projects,Womens Big accessories,
969180,1185820,10,0.5642253756523132,Jersey Fancy | Knitwear | Dresses Ladies | Trousers | Skirts,Jersey Fancy | Blouses | Knitwear | Accessories | Jersey Basic,Jersey Fancy | Knitwear,Womens Everyday Collection | Womens Tailoring | Divided Collection | Womens Trend | Divided Projects,Womens Everyday Collection | Womens Trend | Divided Collection | Womens Casual | Womens Everyday Basics,Womens Everyday Collection | Divided Collection | Womens Trend
1018839,977462,1,0.617626428604126,"Jersey Fancy | Dresses Ladies | Under-, Nightwear | Knitwear | Trousers","Trousers | Jersey Fancy | Knitwear | Accessories | Under-, Nightwear","Jersey Fancy | Under-, Nightwear | Knitwear | Trousers",Womens Everyday Collection | Womens Lingerie | Divided Collection | Womens Casual | Ladies Denim,Womens Everyday Collection | H&M+ | Womens Lingerie | Ladies Denim | Divided Collection,Womens Everyday Collection | Womens Lingerie | Divided Collection | Ladies Denim
1018839,527242,2,0.6028449535369873,"Jersey Fancy | Dresses Ladies | Under-, Nightwear | Knitwear | Trousers",Jersey Fancy | Dresses Ladies | Knitwear | Blouses | Accessories,Jersey Fancy | Dresses Ladies | Knitwear,Womens Everyday Collection | Womens Lingerie | Divided Collection | Womens Casual | Ladies Denim,Womens Everyday Collection | H&M+ | Divided Collection | Womens Casual | Divided Projects,Womens Everyday Collection | Divided Collection | Womens Casual
1018839,865723,3,0.5874369144439697,"Jersey Fancy | Dresses Ladies | Under-, Nightwear | Knitwear | Trousers",Dresses Ladies | Jersey Fancy | Knitwear | Jersey Basic | Blouses,Jersey Fancy | Dresses Ladies | Knitwear,Womens Everyday Collection | Womens Lingerie | Divided Collection | Womens Casual | Ladies Denim,Womens Everyday Collection | Womens Everyday Basics | Womens Casual | Womens Tailoring | Womens Jackets,Womens Everyday Collection | Womens Casual
1018839,15068,4,0.5728169679641724,"Jersey Fancy | Dresses Ladies | Under-, Nightwear | Knitwear | Trousers",Jersey Fancy | Dresses Ladies | Trousers | Knitwear | Unknown,Jersey Fancy | Dresses Ladies | Knitwear | Trousers,Womens Everyday Collection | Womens Lingerie | Divided Collection | Womens Casual | Ladies Denim,Womens Everyday Collection | Divided Collection | Divided Projects | H&M+ | Womens Trend,Womens Everyday Collection | Divided Collection
1018839,593933,5,0.5687696933746338,"Jersey Fancy | Dresses Ladies | Under-, Nightwear | Knitwear | Trousers",Jersey Fancy | Accessories | Dresses Ladies | Knitwear | Dressed,Jersey Fancy | Dresses Ladies | Knitwear,Womens Everyday Collection | Womens Lingerie | Divided Collection | Womens Casual | Ladies Denim,"Womens Everyday Collection | Womens Casual | Womens Jackets | Womens Nightwear, Socks & Tigh | Womens Tailoring",Womens Everyday Collection | Womens Casual
1018839,582904,6,0.5631005167961121,"Jersey Fancy | Dresses Ladies | Under-, Nightwear | Knitwear | Trousers",Knitwear | Jersey Fancy | Accessories | Dresses Ladies | Blouses,Jersey Fancy | Dresses Ladies | Knitwear,Womens Everyday Collection | Womens Lingerie | Divided Collection | Womens Casual | Ladies Denim,"Womens Everyday Collection | Divided Collection | Womens Swimwear, beachwear | Womens Tailoring | Womens Trend",Womens Everyday Collection | Divided Collection
1018839,585179,7,0.5570656657218933,"Jersey Fancy | Dresses Ladies | Under-, Nightwear | Knitwear | Trousers",Dresses Ladies | Jersey Fancy | Trousers | Blouses | Accessories,Jersey Fancy | Dresses Ladies | Trousers,Womens Everyday Collection | Womens Lingerie | Divided Collection | Womens Casual | Ladies Denim,Womens Everyday Collection | H&M+ | Womens Trend | Womens Lingerie | Womens Small accessories,Womens Everyday Collection | Womens Lingerie
1018839,952848,8,0.5474364757537842,"Jersey Fancy | Dresses Ladies | Under-, Nightwear | Knitwear | Trousers",Jersey Fancy | Knitwear | Accessories | Socks and Tights | Dresses Ladies,Jersey Fancy | Dresses Ladies | Knitwear,Womens Everyday Collection | Womens Lingerie | Divided Collection | Womens Casual | Ladies Denim,"Womens Everyday Collection | H&M+ | Womens Nightwear, Socks & Tigh | Womens Tailoring | Divided Collection",Womens Everyday Collection | Divided Collection
1018839,1112895,9,0.5443868041038513,"Jersey Fancy | Dresses Ladies | Under-, Nightwear | Knitwear | Trousers",Jersey Fancy | Trousers | Dresses Ladies | Blouses | Jersey Basic,Jersey Fancy | Dresses Ladies | Trousers,Womens Everyday Collection | Womens Lingerie | Divided Collection | Womens Casual | Ladies Denim,Womens Everyday Collection | Divided Collection | H&M+ | Ladies Denim | Ladies H&M Sport,Womens Everyday Collection | Divided Collection | Ladies Denim
1018839,1107578,10,0.5382870435714722,"Jersey Fancy | Dresses Ladies | Under-, Nightwear | Knitwear | Trousers",Blouses | Knitwear | Accessories | Jersey Fancy | Trousers,Jersey Fancy | Knitwear | Trousers,Womens Everyday Collection | Womens Lingerie | Divided Collection | Womens Casual | Ladies Denim,Womens Everyday Collection | H&M+ | Divided Collection | Ladies Denim | Womens Tailoring,Womens Everyday Collection | Divided Collection | Ladies Denim
1035425,174403,1,0.7455856204032898,"Jersey Basic | Jersey Fancy | Knitwear | Dresses Ladies | Under-, Nightwear",Dresses/Skirts girls,,Womens Everyday Collection | Womens Everyday Basics | Divided Collection | Divided Basics | Womens Tailoring,Kids Girl,
1035425,1141186,2,0.7454066276550293,"Jersey Basic | Jersey Fancy | Knitwear | Dresses Ladies | Under-, Nightwear",Dresses/Skirts girls,,Womens Everyday Collection | Womens Everyday Basics | Divided Collection | Divided Basics | Womens Tailoring,Kids Girl,
1035425,85101,3,0.5962331295013428,"Jersey Basic | Jersey Fancy | Knitwear | Dresses Ladies | Under-, Nightwear",Outdoor | Accessories,,Womens Everyday Collection | Womens Everyday Basics | Divided Collection | Divided Basics | Womens Tailoring,Men H&M Sport | Divided Accessories,
1035425,561299,4,0.5923936367034912,"Jersey Basic | Jersey Fancy | Knitwear | Dresses Ladies | Under-, Nightwear",Dresses Ladies | Jersey Fancy | Jersey Basic | Trousers | Knitwear,Jersey Basic | Jersey Fancy | Knitwear | Dresses Ladies,Womens Everyday Collection | Womens Everyday Basics | Divided Collection | Divided Basics | Womens Tailoring,Divided Collection | Womens Everyday Collection | Divided Selected | Ladies Denim | Womens Everyday Basics,Womens Everyday Collection | Womens Everyday Basics | Divided Collection
1035425,1025212,5,0.5916796922683716,"Jersey Basic | Jersey Fancy | Knitwear | Dresses Ladies | Under-, Nightwear",Jersey Fancy | Jersey Basic | Trousers | Blouses | Dresses Ladies,Jersey Basic | Jersey Fancy | Dresses Ladies,Womens Everyday Collection | Womens Everyday Basics | Divided Collection | Divided Basics | Womens Tailoring,Divided Selected | Divided Collection | Contemporary Street | Womens Everyday Basics | Divided Basics,Womens Everyday Basics | Divided Collection | Divided Basics
1035425,814694,6,0.5877119898796082,"Jersey Basic | Jersey Fancy | Knitwear | Dresses Ladies | Under-, Nightwear",Jersey Fancy | Jersey Basic | Blouses | Knitwear | Trousers,Jersey Basic | Jersey Fancy | Knitwear,Womens Everyday Collection | Womens Everyday Basics | Divided Collection | Divided Basics | Womens Tailoring,Womens Everyday Collection | Womens Everyday Basics | Womens Casual | Divided Collection | Ladies H&M Sport,Womens Everyday Collection | Womens Everyday Basics | Divided Collection
1035425,514632,7,0.5859323143959045,"Jersey Basic | Jersey Fancy | Knitwear | Dresses Ladies | Under-, Nightwear","Jersey Basic | Knitwear | Under-, Nightwear | Dresses Ladies | Accessories","Jersey Basic | Knitwear | Dresses Ladies | Under-, Nightwear",Womens Everyday Collection | Womens Everyday Basics | Divided Collection | Divided Basics | Womens Tailoring,Womens Everyday Collection | Womens Everyday Basics | Womens Lingerie | Womens Casual | Men Underwear,Womens Everyday Collection | Womens Everyday Basics
1035425,1331060,8,0.5821990370750427,"Jersey Basic | Jersey Fancy | Knitwear | Dresses Ladies | Under-, Nightwear",Jersey Fancy | Accessories | Jersey Basic | Shoes | Outdoor,Jersey Basic | Jersey Fancy,Womens Everyday Collection | Womens Everyday Basics | Divided Collection | Divided Basics | Womens Tailoring,Men Underwear | Men H&M Sport | Divided Collection | Men Accessories | Womens Everyday Collection,Womens Everyday Collection | Divided Collection
1035425,41463,9,0.5789995193481445,"Jersey Basic | Jersey Fancy | Knitwear | Dresses Ladies | Under-, Nightwear",Jersey Basic | Jersey Fancy | Knitwear | Accessories | Blouses,Jersey Basic | Jersey Fancy | Knitwear,Womens Everyday Collection | Womens Everyday Basics | Divided Collection | Divided Basics | Womens Tailoring,Womens Everyday Basics | Womens Everyday Collection | Womens Tailoring | Divided Collection | Divided Selected,Womens Everyday Collection | Womens Everyday Basics | Divided Collection | Womens Tailoring
1035425,623553,10,0.5763071179389954,"Jersey Basic | Jersey Fancy | Knitwear | Dresses Ladies | Under-, Nightwear","Jersey Fancy | Knitwear | Jersey Basic | Trousers | Under-, Nightwear","Jersey Basic | Jersey Fancy | Knitwear | Under-, Nightwear",Womens Everyday Collection | Womens Everyday Basics | Divided Collection | Divided Basics | Womens Tailoring,Divided Collection | Womens Everyday Collection | Men Underwear | Contemporary Street | Womens Everyday Basics,Womens Everyday Collection | Womens Everyday Basics | Divided Collection
1098652,833880,1,0.658419132232666,Jersey Fancy | Knitwear | Trousers | Blouses | Dresses Ladies,Socks and Tights | Jersey Fancy,Jersey Fancy,Womens Everyday Collection | Divided Collection | Womens Trend | H&M+ | Womens Casual,"Womens Nightwear, Socks & Tigh | Womens Trend",Womens Trend
1098652,1156191,2,0.6506893634796143,Jersey Fancy | Knitwear | Trousers | Blouses | Dresses Ladies,Jersey Fancy | Knitwear | Dresses Ladies | Blouses | Shoes,Jersey Fancy | Knitwear | Blouses | Dresses Ladies,Womens Everyday Collection | Divided Collection | Womens Trend | H&M+ | Womens Casual,Womens Trend | Womens Everyday Collection | Womens Shoes | Divided Collection | Womens Tailoring,Womens Everyday Collection | Divided Collection | Womens Trend
1098652,65180,3,0.6480579972267151,Jersey Fancy | Knitwear | Trousers | Blouses | Dresses Ladies,Jersey Fancy | Accessories | Jersey Basic | Blouses | Unknown,Jersey Fancy | Blouses,Womens Everyday Collection | Divided Collection | Womens Trend | H&M+ | Womens Casual,Womens Everyday Collection | H&M+ | Mama | Womens Everyday Basics | Divided Projects,Womens Everyday Collection | H&M+
1098652,1153212,4,0.6457535028457642,Jersey Fancy | Knitwear | Trousers | Blouses | Dresses Ladies,Jersey Fancy,Jersey Fancy,Womens Everyday Collection | Divided Collection | Womens Trend | H&M+ | Womens Casual,Womens Trend,Womens Trend
1098652,1336109,5,0.6445803046226501,Jersey Fancy | Knitwear | Trousers | Blouses | Dresses Ladies,Special Offers,,Womens Everyday Collection | Divided Collection | Womens Trend | H&M+ | Womens Casual,Womens Everyday Collection,Womens Everyday Collection
1098652,1102151,6,0.6425799131393433,Jersey Fancy | Knitwear | Trousers | Blouses | Dresses Ladies,Trousers | Accessories | Jersey Fancy | Shoes | Blouses,Jersey Fancy | Trousers | Blouses,Womens Everyday Collection | Divided Collection | Womens Trend | H&M+ | Womens Casual,Womens Everyday Collection | Womens Shoes | Womens Tailoring | H&M+ | Womens Trend,Womens Everyday Collection | Womens Trend | H&M+
1098652,1078766,7,0.6404029726982117,Jersey Fancy | Knitwear | Trousers | Blouses | Dresses Ladies,Jersey Fancy,Jersey Fancy,Womens Everyday Collection | Divided Collection | Womens Trend | H&M+ | Womens Casual,Womens Trend,Womens Trend
1098652,617402,8,0.6363033056259155,Jersey Fancy | Knitwear | Trousers | Blouses | Dresses Ladies,Accessories,,Womens Everyday Collection | Divided Collection | Womens Trend | H&M+ | Womens Casual,Womens Small accessories | Womens Trend,Womens Trend
1098652,817923,9,0.6353862285614014,Jersey Fancy | Knitwear | Trousers | Blouses | Dresses Ladies,Jersey Fancy,Jersey Fancy,Womens Everyday Collection | Divided Collection | Womens Trend | H&M+ | Womens Casual,Womens Trend,Womens Trend
1098652,772069,10,0.6346263289451599,Jersey Fancy | Knitwear | Trousers | Blouses | Dresses Ladies,Jersey Fancy | Dresses Ladies | Blouses | Knitwear | Outdoor,Jersey Fancy | Knitwear | Blouses | Dresses Ladies,Womens Everyday Collection | Divided Collection | Womens Trend | H&M+ | Womens Casual,Womens Everyday Collection | Womens Trend | Womens Jackets | Womens Shoes | H&M+,Womens Everyday Collection | Womens Trend | H&M+
1114704,1137436,1,0.648934543132782,Jersey Basic | Knitwear | Blouses | Jersey Fancy | Trousers,Dresses Ladies | Special Offers,,Divided Basics | Womens Everyday Basics | Womens Everyday Collection | Womens Trend | Divided Collection,Womens Everyday Collection | Special Collections,Womens Everyday Collection
1114704,835776,2,0.6474882364273071,Jersey Basic | Knitwear | Blouses | Jersey Fancy | Trousers,"Blouses | Shoes | Accessories | Under-, Nightwear | Knitwear",Knitwear | Blouses,Divided Basics | Womens Everyday Basics | Womens Everyday Collection | Womens Trend | Divided Collection,Womens Trend | Womens Shoes | Womens Small accessories | Womens Lingerie,Womens Trend
1114704,94078,3,0.6316932439804077,Jersey Basic | Knitwear | Blouses | Jersey Fancy | Trousers,Dresses Ladies | Trousers,Trousers,Divided Basics | Womens Everyday Basics | Womens Everyday Collection | Womens Trend | Divided Collection,Womens Everyday Collection | Womens Casual,Womens Everyday Collection
1114704,1059600,4,0.6307490468025208,Jersey Basic | Knitwear | Blouses | Jersey Fancy | Trousers,Blouses,Blouses,Divided Basics | Womens Everyday Basics | Womens Everyday Collection | Womens Trend | Divided Collection,Womens Trend,Womens Trend
1114704,1006670,5,0.6307485699653625,Jersey Basic | Knitwear | Blouses | Jersey Fancy | Trousers,Blouses,Blouses,Divided Basics | Womens Everyday Basics | Womens Everyday Collection | Womens Trend | Divided Collection,Womens Trend,Womens Trend
1114704,1350648,6,0.6307485103607178,Jersey Basic | Knitwear | Blouses | Jersey Fancy | Trousers,Blouses,Blouses,Divided Basics | Womens Everyday Basics | Womens Everyday Collection | Womens Trend | Divided Collection,Womens Trend,Womens Trend
1114704,304586,7,0.6307483911514282,Jersey Basic | Knitwear | Blouses | Jersey Fancy | Trousers,Blouses,Blouses,Divided Basics | Womens Everyday Basics | Womens Everyday Collection | Womens Trend | Divided Collection,Womens Trend,Womens Trend
1114704,1322221,8,0.6287115812301636,Jersey Basic | Knitwear | Blouses | Jersey Fancy | Trousers,Blouses | Accessories,Blouses,Divided Basics | Womens Everyday Basics | Womens Everyday Collection | Womens Trend | Divided Collection,Womens Trend | Divided Accessories,Womens Trend
1114704,842472,9,0.6237505674362183,Jersey Basic | Knitwear | Blouses | Jersey Fancy | Trousers,Blouses,Blouses,Divided Basics | Womens Everyday Basics | Womens Everyday Collection | Womens Trend | Divided Collection,Womens Trend,Womens Trend
1114704,1160670,10,0.6226723790168762,Jersey Basic | Knitwear | Blouses | Jersey Fancy | Trousers,Dresses Ladies | Knitwear | Blouses | Outdoor | Accessories,Knitwear | Blouses,Divided Basics | Womens Everyday Basics | Womens Everyday Collection | Womens Trend | Divided Collection,Womens Everyday Collection | Womens Casual | Womens Trend | Womens Jackets | Womens Big accessories,Womens Everyday Collection | Womens Trend
1218201,334067,1,0.7106328010559082,Blouses | Dresses Ladies | Jersey Fancy | Knitwear | Outdoor,Blouses | Dresses Ladies | Jersey Fancy | Trousers | Knitwear,Blouses | Dresses Ladies | Jersey Fancy | Knitwear,Womens Everyday Collection | Divided Collection | Womens Tailoring | Womens Casual | Womens Jackets,Womens Everyday Collection | Divided Collection | Divided Projects | Womens Casual | Womens Trend,Womens Everyday Collection | Divided Collection | Womens Casual
1218201,938014,2,0.6962335705757141,Blouses | Dresses Ladies | Jersey Fancy | Knitwear | Outdoor,Blouses | Dresses Ladies | Jersey Fancy | Skirts | Knitwear,Blouses | Dresses Ladies | Jersey Fancy | Knitwear,Womens Everyday Collection | Divided Collection | Womens Tailoring | Womens Casual | Womens Jackets,Womens Everyday Collection | Divided Collection | Divided Projects | Womens Tailoring | Womens Casual,Womens Everyday Collection | Divided Collection | Womens Tailoring | Womens Casual
1218201,44146,3,0.6880407929420471,Blouses | Dresses Ladies | Jersey Fancy | Knitwear | Outdoor,Dresses Ladies | Skirts | Blouses | Trousers | Shoes,Blouses | Dresses Ladies,Womens Everyday Collection | Divided Collection | Womens Tailoring | Womens Casual | Womens Jackets,Womens Everyday Collection | Divided Collection | Divided Projects | Divided Selected | Womens Shoes,Womens Everyday Collection | Divided Collection
1218201,437029,4,0.6836526989936829,Blouses | Dresses Ladies | Jersey Fancy | Knitwear | Outdoor,Dresses Ladies | Jersey Fancy | Blouses | Knitwear | Unknown,Blouses | Dresses Ladies | Jersey Fancy | Knitwear,Womens Everyday Collection | Divided Collection | Womens Tailoring | Womens Casual | Womens Jackets,Womens Everyday Collection | Divided Collection | Divided Projects | Womens Tailoring | Womens Casual,Womens Everyday Collection | Divided Collection | Womens Tailoring | Womens Casual
1218201,550166,5,0.6802374124526978,Blouses | Dresses Ladies | Jersey Fancy | Knitwear | Outdoor,Dresses Ladies | Blouses | Knitwear | Trousers | Outdoor,Blouses | Dresses Ladies | Knitwear | Outdoor,Womens Everyday Collection | Divided Collection | Womens Tailoring | Womens Casual | Womens Jackets,Womens Everyday Collection | Divided Collection | Womens Tailoring | Womens Casual | Divided Projects,Womens Everyday Collection | Divided Collection | Womens Tailoring | Womens Casual
1218201,1076016,6,0.6709268093109131,Blouses | Dresses Ladies | Jersey Fancy | Knitwear | Outdoor,Blouses | Jersey Fancy | Dresses Ladies | Knitwear | Skirts,Blouses | Dresses Ladies | Jersey Fancy | Knitwear,Womens Everyday Collection | Divided Collection | Womens Tailoring | Womens Casual | Womens Jackets,Divided Collection | Womens Everyday Collection | Womens Tailoring | Divided Projects | Womens Everyday Basics,Womens Everyday Collection | Divided Collection | Womens Tailoring
1218201,1263369,7,0.6695669889450073,Blouses | Dresses Ladies | Jersey Fancy | Knitwear | Outdoor,Jersey Fancy | Dresses Ladies | Blouses | Trousers | Knitwear,Blouses | Dresses Ladies | Jersey Fancy | Knitwear,Womens Everyday Collection | Divided Collection | Womens Tailoring | Womens Casual | Womens Jackets,Womens Everyday Collection | Divided Collection | Womens Tailoring | Womens Casual | Divided Selected,Womens Everyday Collection | Divided Collection | Womens Tailoring | Womens Casual
1218201,1246193,8,0.6682042479515076,Blouses | Dresses Ladies | Jersey Fancy | Knitwear | Outdoor,Blouses | Trousers | Knitwear | Jersey Fancy | Dresses Ladies,Blouses | Dresses Ladies | Jersey Fancy | Knitwear,Womens Everyday Collection | Divided Collection | Womens Tailoring | Womens Casual | Womens Jackets,Womens Everyday Collection | Divided Collection | Womens Casual | Womens Tailoring | Divided Projects,Womens Everyday Collection | Divided Collection | Womens Tailoring | Womens Casual
1218201,196755,9,0.6679763197898865,Blouses | Dresses Ladies | Jersey Fancy | Knitwear | Outdoor,Jersey Fancy | Dresses Ladies | Blouses | Knitwear | Trousers,Blouses | Dresses Ladies | Jersey Fancy | Knitwear,Womens Everyday Collection | Divided Collection | Womens Tailoring | Womens Casual | Womens Jackets,Womens Everyday Collection | Divided Collection | Womens Tailoring | Womens Casual | Womens Shoes,Womens Everyday Collection | Divided Collection | Womens Tailoring | Womens Casual
1218201,577640,10,0.6626467704772949,Blouses | Dresses Ladies | Jersey Fancy | Knitwear | Outdoor,Dresses Ladies | Blouses | Knitwear | Jersey Fancy | Jersey Basic,Blouses | Dresses Ladies | Jersey Fancy | Knitwear,Womens Everyday Collection | Divided Collection | Womens Tailoring | Womens Casual | Womens Jackets,Womens Everyday Collection | Divided Collection | Divided Projects | Womens Jackets | Womens Shoes,Womens Everyday Collection | Divided Collection | Womens Jackets
1234000,196755,1,0.695665717124939,Jersey Fancy | Knitwear | Accessories | Dresses Ladies | Blouses,Jersey Fancy | Dresses Ladies | Blouses | Knitwear | Trousers,Jersey Fancy | Knitwear | Dresses Ladies | Blouses,Divided Collection | Womens Everyday Collection | Divided Projects | Womens Small accessories | H&M+,Womens Everyday Collection | Divided Collection | Womens Tailoring | Womens Casual | Womens Shoes,Divided Collection | Womens Everyday Collection
1234000,893111,2,0.6893821358680725,Jersey Fancy | Knitwear | Accessories | Dresses Ladies | Blouses,Skirts,,Divided Collection | Womens Everyday Collection | Divided Projects | Womens Small accessories | H&M+,Divided Collection,Divided Collection
1234000,350375,3,0.6806340217590332,Jersey Fancy | Knitwear | Accessories | Dresses Ladies | Blouses,Jersey Fancy | Jersey Basic | Dresses Ladies | Blouses | Knitwear,Jersey Fancy | Knitwear | Dresses Ladies | Blouses,Divided Collection | Womens Everyday Collection | Divided Projects | Womens Small accessories | H&M+,Divided Collection | Womens Everyday Collection | Divided Basics | Divided Selected | Womens Casual,Divided Collection | Womens Everyday Collection
1234000,227684,4,0.6777692437171936,Jersey Fancy | Knitwear | Accessories | Dresses Ladies | Blouses,Accessories,Accessories,Divided Collection | Womens Everyday Collection | Divided Projects | Womens Small accessories | H&M+,Womens Small accessories | Divided Accessories,Womens Small accessories
1234000,186642,5,0.676375150680542,Jersey Fancy | Knitwear | Accessories | Dresses Ladies | Blouses,Jersey Fancy | Dresses Ladies | Outdoor | Special Offers | Knitwear,Jersey Fancy | Knitwear | Dresses Ladies,Divided Collection | Womens Everyday Collection | Divided Projects | Womens Small accessories | H&M+,Divided Projects | Divided Collection | Womens Tailoring | Womens Trend,Divided Collection | Divided Projects
1234000,980342,6,0.6679118871688843,Jersey Fancy | Knitwear | Accessories | Dresses Ladies | Blouses,Skirts,,Divided Collection | Womens Everyday Collection | Divided Projects | Womens Small accessories | H&M+,Divided Collection,Divided Collection
1234000,48358,7,0.6661713719367981,Jersey Fancy | Knitwear | Accessories | Dresses Ladies | Blouses,Jersey Fancy | Dresses Ladies | Knitwear | Trousers | Blouses,Jersey Fancy | Knitwear | Dresses Ladies | Blouses,Divided Collection | Womens Everyday Collection | Divided Projects | Womens Small accessories | H&M+,Divided Collection | Womens Everyday Collection | Divided Projects | Divided Selected | Womens Premium,Divided Collection | Womens Everyday Collection | Divided Projects
1234000,884603,8,0.6436251401901245,Jersey Fancy | Knitwear | Accessories | Dresses Ladies | Blouses,Outdoor | Knitwear,Knitwear,Divided Collection | Womens Everyday Collection | Divided Projects | Womens Small accessories | H&M+,Womens Jackets | Womens Casual,
1234000,1269284,9,0.6429624557495117,Jersey Fancy | Knitwear | Accessories | Dresses Ladies | Blouses,Accessories,Accessories,Divided Collection | Womens Everyday Collection | Divided Projects | Womens Small accessories | H&M+,Divided Accessories,
1234000,351128,10,0.6380094289779663,Jersey Fancy | Knitwear | Accessories | Dresses Ladies | Blouses,Accessories | Dresses Ladies | Jersey Fancy | Knitwear | Dressed,Jersey Fancy | Knitwear | Accessories | Dresses Ladies,Divided Collection | Womens Everyday Collection | Divided Projects | Womens Small accessories | H&M+,Womens Small accessories | Womens Trend | Womens Premium | Divided Collection | Womens Everyday Collection,Divided Collection | Womens Everyday Collection | Womens Small accessories
1284194,724732,1,0.6693733930587769,Jersey Fancy | Shoes | Dresses Ladies | Knitwear | Trousers,"Jersey Fancy | Trousers | Under-, Nightwear | Trousers Denim | Shoes",Jersey Fancy | Shoes | Trousers,Ladies H&M Sport | Womens Everyday Collection | Womens Tailoring | Womens Shoes | Ladies Denim,Womens Everyday Collection | Ladies Denim | Womens Shoes | Womens Tailoring | Divided Collection,Womens Everyday Collection | Womens Tailoring | Womens Shoes | Ladies Denim
1284194,1217771,2,0.6066522598266602,Jersey Fancy | Shoes | Dresses Ladies | Knitwear | Trousers,Jersey Fancy | Trousers | Jersey Basic | Knitwear | Dresses Ladies,Jersey Fancy | Dresses Ladies | Knitwear | Trousers,Ladies H&M Sport | Womens Everyday Collection | Womens Tailoring | Womens Shoes | Ladies Denim,Womens Everyday Collection | Ladies H&M Sport | Womens Casual | Womens Tailoring | Womens Everyday Basics,Ladies H&M Sport | Womens Everyday Collection | Womens Tailoring
1284194,594372,3,0.5907188653945923,Jersey Fancy | Shoes | Dresses Ladies | Knitwear | Trousers,Shoes,Shoes,Ladies H&M Sport | Womens Everyday Collection | Womens Tailoring | Womens Shoes | Ladies Denim,Womens Shoes,Womens Shoes
1284194,507557,4,0.5877282619476318,Jersey Fancy | Shoes | Dresses Ladies | Knitwear | Trousers,Shoes | Dresses Ladies | Jersey Fancy | Accessories | Outdoor,Jersey Fancy | Shoes | Dresses Ladies,Ladies H&M Sport | Womens Everyday Collection | Womens Tailoring | Womens Shoes | Ladies Denim,Womens Shoes | Womens Everyday Collection | Womens Big accessories | Divided Selected | Divided Collection,Womens Everyday Collection | Womens Shoes
1284194,213929,5,0.5860616564750671,Jersey Fancy | Shoes | Dresses Ladies | Knitwear | Trousers,Shoes | Jersey Fancy | Trousers | Knitwear | Unknown,Jersey Fancy | Shoes | Knitwear | Trousers,Ladies H&M Sport | Womens Everyday Collection | Womens Tailoring | Womens Shoes | Ladies Denim,Womens Everyday Collection | Womens Shoes | Womens Tailoring | Womens Trend | Ladies H&M Sport,Ladies H&M Sport | Womens Everyday Collection | Womens Tailoring | Womens Shoes
1284194,11121,6,0.5857143998146057,Jersey Fancy | Shoes | Dresses Ladies | Knitwear | Trousers,Blouses,,Ladies H&M Sport | Womens Everyday Collection | Womens Tailoring | Womens Shoes | Ladies Denim,Womens Trend,
1284194,1115813,7,0.5857142806053162,Jersey Fancy | Shoes | Dresses Ladies | Knitwear | Trousers,Blouses,,Ladies H&M Sport | Womens Everyday Collection | Womens Tailoring | Womens Shoes | Ladies Denim,Womens Trend,
1284194,429744,8,0.5826883316040039,Jersey Fancy | Shoes | Dresses Ladies | Knitwear | Trousers,Jersey Fancy | Trousers | Dresses Ladies | Accessories | Jersey Basic,Jersey Fancy | Dresses Ladies | Trousers,Ladies H&M Sport | Womens Everyday Collection | Womens Tailoring | Womens Shoes | Ladies Denim,Divided Collection | Womens Everyday Collection | Ladies H&M Sport | Womens Tailoring | Womens Everyday Basics,Ladies H&M Sport | Womens Everyday Collection | Womens Tailoring
1284194,48308,9,0.5818130373954773,Jersey Fancy | Shoes | Dresses Ladies | Knitwear | Trousers,Accessories | Shoes | Unknown | Jersey Fancy | Outdoor,Jersey Fancy | Shoes,Ladies H&M Sport | Womens Everyday Collection | Womens Tailoring | Womens Shoes | Ladies Denim,Womens Small accessories | Womens Big accessories | Womens Shoes | Ladies H&M Sport | Womens Everyday Collection,Ladies H&M Sport | Womens Everyday Collection | Womens Shoes
1284194,934355,10,0.5781109929084778,Jersey Fancy | Shoes | Dresses Ladies | Knitwear | Trousers,Outdoor,,Ladies H&M Sport | Womens Everyday Collection | Womens Tailoring | Womens Shoes | Ladies Denim,Divided Collection,
